[2026-07-19T21:10:10.419+0000] {manager.py:469} INFO - Processing files using up to 2 processes at a time 
[2026-07-19T21:10:10.422+0000] {manager.py:470} INFO - Process each file at most once every 30 seconds
[2026-07-19T21:10:10.423+0000] {manager.py:471} INFO - Checking for new files in /opt/airflow/dags every 300 seconds
[2026-07-19T21:10:10.425+0000] {manager.py:738} INFO - Searching for files in /opt/airflow/dags
[2026-07-19T21:10:10.444+0000] {manager.py:741} INFO - There are 0 files in /opt/airflow/dags
[2026-07-19T21:15:10.444+0000] {manager.py:738} INFO - Searching for files in /opt/airflow/dags
[2026-07-19T21:15:10.469+0000] {manager.py:741} INFO - There are 0 files in /opt/airflow/dags
[2026-07-19T21:20:11.318+0000] {manager.py:738} INFO - Searching for files in /opt/airflow/dags
[2026-07-19T21:20:11.338+0000] {manager.py:741} INFO - There are 0 files in /opt/airflow/dags
[2026-07-19T21:25:11.842+0000] {manager.py:738} INFO - Searching for files in /opt/airflow/dags
[2026-07-19T21:25:11.850+0000] {manager.py:741} INFO - There are 0 files in /opt/airflow/dags
[2026-07-19T21:30:11.919+0000] {manager.py:738} INFO - Searching for files in /opt/airflow/dags
[2026-07-19T21:30:11.927+0000] {manager.py:741} INFO - There are 0 files in /opt/airflow/dags
[2026-07-19T21:35:15.482+0000] {manager.py:738} INFO - Searching for files in /opt/airflow/dags
[2026-07-19T21:35:15.488+0000] {manager.py:741} INFO - There are 0 files in /opt/airflow/dags
[2026-07-19T21:40:16.455+0000] {manager.py:738} INFO - Searching for files in /opt/airflow/dags
[2026-07-19T21:40:16.468+0000] {manager.py:741} INFO - There are 0 files in /opt/airflow/dags
[2026-07-19T21:45:16.725+0000] {manager.py:738} INFO - Searching for files in /opt/airflow/dags
[2026-07-19T21:45:16.842+0000] {manager.py:741} INFO - There are 0 files in /opt/airflow/dags
[2026-07-19T21:50:17.237+0000] {manager.py:738} INFO - Searching for files in /opt/airflow/dags
[2026-07-19T21:50:17.251+0000] {manager.py:741} INFO - There are 0 files in /opt/airflow/dags
[2026-07-19T21:55:17.327+0000] {manager.py:738} INFO - Searching for files in /opt/airflow/dags
[2026-07-19T21:55:17.648+0000] {manager.py:741} INFO - There are 0 files in /opt/airflow/dags
[2026-07-19T22:00:17.684+0000] {manager.py:738} INFO - Searching for files in /opt/airflow/dags
[2026-07-19T22:00:17.689+0000] {manager.py:741} INFO - There are 0 files in /opt/airflow/dags
[2026-07-19T22:05:17.735+0000] {manager.py:738} INFO - Searching for files in /opt/airflow/dags
[2026-07-19T22:05:17.745+0000] {manager.py:741} INFO - There are 0 files in /opt/airflow/dags
[2026-07-19T22:10:17.764+0000] {manager.py:738} INFO - Searching for files in /opt/airflow/dags
[2026-07-19T22:10:17.769+0000] {manager.py:741} INFO - There are 0 files in /opt/airflow/dags
[2026-07-19T22:15:17.948+0000] {manager.py:738} INFO - Searching for files in /opt/airflow/dags
[2026-07-19T22:15:17.965+0000] {manager.py:741} INFO - There are 0 files in /opt/airflow/dags
[2026-07-19T23:08:31.494+0000] {manager.py:738} INFO - Searching for files in /opt/airflow/dags
[2026-07-19T23:13:15.555+0000] {manager.py:741} INFO - There are 0 files in /opt/airflow/dags
[2026-07-19T23:13:31.742+0000] {manager.py:738} INFO - Searching for files in /opt/airflow/dags
[2026-07-19T23:13:31.758+0000] {manager.py:741} INFO - There are 0 files in /opt/airflow/dags
[2026-07-19T23:18:32.473+0000] {manager.py:738} INFO - Searching for files in /opt/airflow/dags
[2026-07-19T23:18:35.234+0000] {manager.py:741} INFO - There are 0 files in /opt/airflow/dags
[2026-07-19T23:23:33.170+0000] {manager.py:738} INFO - Searching for files in /opt/airflow/dags
[2026-07-19T23:23:33.186+0000] {manager.py:741} INFO - There are 0 files in /opt/airflow/dags
[2026-07-19T23:28:34.010+0000] {manager.py:738} INFO - Searching for files in /opt/airflow/dags
[2026-07-19T23:28:34.038+0000] {manager.py:741} INFO - There are 0 files in /opt/airflow/dags
[2026-07-19T23:33:34.320+0000] {manager.py:738} INFO - Searching for files in /opt/airflow/dags
[2026-07-19T23:33:34.354+0000] {manager.py:741} INFO - There are 0 files in /opt/airflow/dags
[2026-07-19T23:38:34.563+0000] {manager.py:738} INFO - Searching for files in /opt/airflow/dags
[2026-07-19T23:38:34.573+0000] {manager.py:741} INFO - There are 0 files in /opt/airflow/dags
[2026-07-19T23:43:34.627+0000] {manager.py:738} INFO - Searching for files in /opt/airflow/dags
[2026-07-19T23:43:34.654+0000] {manager.py:741} INFO - There are 0 files in /opt/airflow/dags
[2026-07-19T23:48:36.323+0000] {manager.py:738} INFO - Searching for files in /opt/airflow/dags
[2026-07-19T23:48:36.356+0000] {manager.py:741} INFO - There are 0 files in /opt/airflow/dags
[2026-07-19T23:53:37.253+0000] {manager.py:738} INFO - Searching for files in /opt/airflow/dags
[2026-07-19T23:53:37.288+0000] {manager.py:741} INFO - There are 0 files in /opt/airflow/dags
[2026-07-19T23:58:37.327+0000] {manager.py:738} INFO - Searching for files in /opt/airflow/dags
[2026-07-19T23:58:37.352+0000] {manager.py:741} INFO - There are 0 files in /opt/airflow/dags
[2026-07-20T00:03:38.293+0000] {manager.py:738} INFO - Searching for files in /opt/airflow/dags
[2026-07-20T00:03:38.306+0000] {manager.py:741} INFO - There are 0 files in /opt/airflow/dags
[2026-07-20T00:08:38.932+0000] {manager.py:738} INFO - Searching for files in /opt/airflow/dags
[2026-07-20T00:08:38.960+0000] {manager.py:741} INFO - There are 0 files in /opt/airflow/dags
[2026-07-20T00:13:41.445+0000] {manager.py:738} INFO - Searching for files in /opt/airflow/dags
[2026-07-20T00:13:41.460+0000] {manager.py:741} INFO - There are 0 files in /opt/airflow/dags
[2026-07-20T00:18:42.037+0000] {manager.py:738} INFO - Searching for files in /opt/airflow/dags
[2026-07-20T00:18:42.051+0000] {manager.py:741} INFO - There are 0 files in /opt/airflow/dags
[2026-07-20T00:23:42.822+0000] {manager.py:738} INFO - Searching for files in /opt/airflow/dags
[2026-07-20T00:23:42.836+0000] {manager.py:741} INFO - There are 0 files in /opt/airflow/dags
[2026-07-20T00:28:43.118+0000] {manager.py:738} INFO - Searching for files in /opt/airflow/dags
[2026-07-20T00:28:43.124+0000] {manager.py:741} INFO - There are 0 files in /opt/airflow/dags
[2026-07-20T00:33:43.729+0000] {manager.py:738} INFO - Searching for files in /opt/airflow/dags
[2026-07-20T00:33:43.736+0000] {manager.py:741} INFO - There are 0 files in /opt/airflow/dags
[2026-07-20T00:38:47.337+0000] {manager.py:738} INFO - Searching for files in /opt/airflow/dags
[2026-07-20T00:38:47.382+0000] {manager.py:741} INFO - There are 0 files in /opt/airflow/dags
[2026-07-20T00:43:48.052+0000] {manager.py:738} INFO - Searching for files in /opt/airflow/dags
[2026-07-20T00:43:48.103+0000] {manager.py:741} INFO - There are 0 files in /opt/airflow/dags
[2026-07-20T00:48:48.093+0000] {manager.py:738} INFO - Searching for files in /opt/airflow/dags
[2026-07-20T00:48:48.099+0000] {manager.py:741} INFO - There are 0 files in /opt/airflow/dags
[2026-07-20T00:53:48.455+0000] {manager.py:738} INFO - Searching for files in /opt/airflow/dags
[2026-07-20T00:53:48.471+0000] {manager.py:741} INFO - There are 0 files in /opt/airflow/dags
[2026-07-20T00:58:49.125+0000] {manager.py:738} INFO - Searching for files in /opt/airflow/dags
[2026-07-20T00:58:49.158+0000] {manager.py:741} INFO - There are 0 files in /opt/airflow/dags
[2026-07-20T01:03:49.742+0000] {manager.py:738} INFO - Searching for files in /opt/airflow/dags
[2026-07-20T01:03:50.071+0000] {manager.py:741} INFO - There are 0 files in /opt/airflow/dags
[2026-07-20T01:08:50.596+0000] {manager.py:738} INFO - Searching for files in /opt/airflow/dags
[2026-07-20T01:08:50.626+0000] {manager.py:741} INFO - There are 0 files in /opt/airflow/dags
[2026-07-20T01:13:50.623+0000] {manager.py:738} INFO - Searching for files in /opt/airflow/dags
[2026-07-20T01:13:50.631+0000] {manager.py:741} INFO - There are 0 files in /opt/airflow/dags
[2026-07-20T01:18:51.130+0000] {manager.py:738} INFO - Searching for files in /opt/airflow/dags
[2026-07-20T01:18:51.136+0000] {manager.py:741} INFO - There are 0 files in /opt/airflow/dags
[2026-07-20T01:23:51.158+0000] {manager.py:738} INFO - Searching for files in /opt/airflow/dags
[2026-07-20T01:23:51.173+0000] {manager.py:741} INFO - There are 0 files in /opt/airflow/dags
[2026-07-20T01:28:51.318+0000] {manager.py:738} INFO - Searching for files in /opt/airflow/dags
[2026-07-20T01:28:51.329+0000] {manager.py:741} INFO - There are 0 files in /opt/airflow/dags
[2026-07-20T01:33:54.116+0000] {manager.py:738} INFO - Searching for files in /opt/airflow/dags
[2026-07-20T01:33:54.141+0000] {manager.py:741} INFO - There are 0 files in /opt/airflow/dags
[2026-07-20T01:38:54.851+0000] {manager.py:738} INFO - Searching for files in /opt/airflow/dags
[2026-07-20T01:38:55.302+0000] {manager.py:741} INFO - There are 0 files in /opt/airflow/dags
[2026-07-20T01:43:55.272+0000] {manager.py:738} INFO - Searching for files in /opt/airflow/dags
[2026-07-20T01:43:55.386+0000] {manager.py:741} INFO - There are 0 files in /opt/airflow/dags
[2026-07-20T01:48:55.319+0000] {manager.py:738} INFO - Searching for files in /opt/airflow/dags
[2026-07-20T01:48:55.344+0000] {manager.py:741} INFO - There are 0 files in /opt/airflow/dags
[2026-07-20T01:53:56.249+0000] {manager.py:738} INFO - Searching for files in /opt/airflow/dags
[2026-07-20T01:53:56.268+0000] {manager.py:741} INFO - There are 0 files in /opt/airflow/dags
[2026-07-20T01:59:00.191+0000] {manager.py:738} INFO - Searching for files in /opt/airflow/dags
[2026-07-20T01:59:00.248+0000] {manager.py:741} INFO - There are 0 files in /opt/airflow/dags
[2026-07-20T02:04:00.895+0000] {manager.py:738} INFO - Searching for files in /opt/airflow/dags
[2026-07-20T02:04:00.922+0000] {manager.py:741} INFO - There are 0 files in /opt/airflow/dags
[2026-07-20T02:09:01.626+0000] {manager.py:738} INFO - Searching for files in /opt/airflow/dags
[2026-07-20T02:09:01.639+0000] {manager.py:741} INFO - There are 0 files in /opt/airflow/dags
[2026-07-20T02:14:01.822+0000] {manager.py:738} INFO - Searching for files in /opt/airflow/dags
[2026-07-20T02:14:01.829+0000] {manager.py:741} INFO - There are 0 files in /opt/airflow/dags
[2026-07-20T02:19:02.552+0000] {manager.py:738} INFO - Searching for files in /opt/airflow/dags
[2026-07-20T02:19:02.578+0000] {manager.py:741} INFO - There are 0 files in /opt/airflow/dags
[2026-07-20T13:21:25.799+0000] {manager.py:469} INFO - Processing files using up to 2 processes at a time 
[2026-07-20T13:21:25.806+0000] {manager.py:470} INFO - Process each file at most once every 30 seconds
[2026-07-20T13:21:25.807+0000] {manager.py:471} INFO - Checking for new files in /opt/airflow/dags every 300 seconds
[2026-07-20T13:21:25.809+0000] {manager.py:738} INFO - Searching for files in /opt/airflow/dags
[2026-07-20T13:21:25.818+0000] {manager.py:741} INFO - There are 0 files in /opt/airflow/dags
[2026-07-20T13:26:26.511+0000] {manager.py:738} INFO - Searching for files in /opt/airflow/dags
[2026-07-20T13:26:26.528+0000] {manager.py:741} INFO - There are 0 files in /opt/airflow/dags
[2026-07-20T13:31:27.142+0000] {manager.py:738} INFO - Searching for files in /opt/airflow/dags
[2026-07-20T13:31:27.166+0000] {manager.py:741} INFO - There are 0 files in /opt/airflow/dags
[2026-07-20T13:36:30.331+0000] {manager.py:738} INFO - Searching for files in /opt/airflow/dags
[2026-07-20T13:36:30.353+0000] {manager.py:741} INFO - There are 0 files in /opt/airflow/dags
[2026-07-20T13:41:30.427+0000] {manager.py:738} INFO - Searching for files in /opt/airflow/dags
[2026-07-20T13:41:32.717+0000] {manager.py:741} INFO - There are 0 files in /opt/airflow/dags
[2026-07-20T13:46:31.309+0000] {manager.py:738} INFO - Searching for files in /opt/airflow/dags
[2026-07-20T13:46:31.331+0000] {manager.py:741} INFO - There are 0 files in /opt/airflow/dags
[2026-07-20T13:51:32.161+0000] {manager.py:738} INFO - Searching for files in /opt/airflow/dags
[2026-07-20T13:51:32.177+0000] {manager.py:741} INFO - There are 0 files in /opt/airflow/dags
[2026-07-20T14:06:27.021+0000] {manager.py:738} INFO - Searching for files in /opt/airflow/dags
[2026-07-20T14:06:27.354+0000] {manager.py:741} INFO - There are 0 files in /opt/airflow/dags
[2026-07-20T14:11:30.435+0000] {manager.py:738} INFO - Searching for files in /opt/airflow/dags
[2026-07-20T14:11:30.450+0000] {manager.py:741} INFO - There are 0 files in /opt/airflow/dags
[2026-07-20T14:16:31.273+0000] {manager.py:738} INFO - Searching for files in /opt/airflow/dags
[2026-07-20T14:16:31.292+0000] {manager.py:741} INFO - There are 0 files in /opt/airflow/dags
[2026-07-20T14:21:32.214+0000] {manager.py:738} INFO - Searching for files in /opt/airflow/dags
[2026-07-20T14:21:32.253+0000] {manager.py:741} INFO - There are 0 files in /opt/airflow/dags
[2026-07-20T14:30:13.752+0000] {manager.py:738} INFO - Searching for files in /opt/airflow/dags
[2026-07-20T14:30:13.760+0000] {manager.py:741} INFO - There are 0 files in /opt/airflow/dags
[2026-07-20T14:35:14.165+0000] {manager.py:738} INFO - Searching for files in /opt/airflow/dags
[2026-07-20T14:35:14.182+0000] {manager.py:741} INFO - There are 0 files in /opt/airflow/dags
[2026-07-20T14:40:15.088+0000] {manager.py:738} INFO - Searching for files in /opt/airflow/dags
[2026-07-20T14:40:15.115+0000] {manager.py:741} INFO - There are 0 files in /opt/airflow/dags
[2026-07-20T14:45:16.083+0000] {manager.py:738} INFO - Searching for files in /opt/airflow/dags
[2026-07-20T14:45:16.097+0000] {manager.py:741} INFO - There are 0 files in /opt/airflow/dags
[2026-07-20T14:50:16.973+0000] {manager.py:738} INFO - Searching for files in /opt/airflow/dags
[2026-07-20T14:50:16.989+0000] {manager.py:741} INFO - There are 0 files in /opt/airflow/dags
[2026-07-20T14:55:17.622+0000] {manager.py:738} INFO - Searching for files in /opt/airflow/dags
[2026-07-20T14:55:17.651+0000] {manager.py:741} INFO - There are 0 files in /opt/airflow/dags
[2026-07-20T15:00:18.330+0000] {manager.py:738} INFO - Searching for files in /opt/airflow/dags
[2026-07-20T15:00:18.345+0000] {manager.py:741} INFO - There are 0 files in /opt/airflow/dags
[2026-07-20T15:05:18.770+0000] {manager.py:738} INFO - Searching for files in /opt/airflow/dags
[2026-07-20T15:05:18.776+0000] {manager.py:741} INFO - There are 0 files in /opt/airflow/dags
[2026-07-20T15:10:19.308+0000] {manager.py:738} INFO - Searching for files in /opt/airflow/dags
[2026-07-20T15:10:19.512+0000] {manager.py:741} INFO - There are 0 files in /opt/airflow/dags
[2026-07-20T15:15:20.074+0000] {manager.py:738} INFO - Searching for files in /opt/airflow/dags
[2026-07-20T15:15:20.347+0000] {manager.py:741} INFO - There are 0 files in /opt/airflow/dags
[2026-07-20T15:20:20.083+0000] {manager.py:738} INFO - Searching for files in /opt/airflow/dags
[2026-07-20T15:20:20.412+0000] {manager.py:741} INFO - There are 0 files in /opt/airflow/dags
[2026-07-20T15:25:20.466+0000] {manager.py:738} INFO - Searching for files in /opt/airflow/dags
[2026-07-20T15:25:21.729+0000] {manager.py:741} INFO - There are 0 files in /opt/airflow/dags
[2026-07-20T15:30:22.481+0000] {manager.py:738} INFO - Searching for files in /opt/airflow/dags
[2026-07-20T15:30:22.808+0000] {manager.py:741} INFO - There are 0 files in /opt/airflow/dags
[2026-07-20T15:35:23.903+0000] {manager.py:738} INFO - Searching for files in /opt/airflow/dags
[2026-07-20T15:35:23.927+0000] {manager.py:741} INFO - There are 0 files in /opt/airflow/dags
[2026-07-20T15:40:23.976+0000] {manager.py:738} INFO - Searching for files in /opt/airflow/dags
[2026-07-20T15:40:24.496+0000] {manager.py:741} INFO - There are 0 files in /opt/airflow/dags
[2026-07-20T15:45:24.483+0000] {manager.py:738} INFO - Searching for files in /opt/airflow/dags
[2026-07-20T15:45:26.664+0000] {manager.py:741} INFO - There are 0 files in /opt/airflow/dags
[2026-07-20T15:50:24.499+0000] {manager.py:738} INFO - Searching for files in /opt/airflow/dags
[2026-07-20T15:50:24.532+0000] {manager.py:741} INFO - There are 0 files in /opt/airflow/dags
[2026-07-20T15:55:24.561+0000] {manager.py:738} INFO - Searching for files in /opt/airflow/dags
[2026-07-20T15:55:24.751+0000] {manager.py:741} INFO - There are 0 files in /opt/airflow/dags
[2026-07-20T16:00:25.199+0000] {manager.py:738} INFO - Searching for files in /opt/airflow/dags
[2026-07-20T16:00:25.345+0000] {manager.py:741} INFO - There are 0 files in /opt/airflow/dags
[2026-07-20T16:05:27.485+0000] {manager.py:738} INFO - Searching for files in /opt/airflow/dags
[2026-07-20T16:05:27.646+0000] {manager.py:741} INFO - There are 0 files in /opt/airflow/dags
[2026-07-20T16:10:28.215+0000] {manager.py:738} INFO - Searching for files in /opt/airflow/dags
[2026-07-20T16:10:28.567+0000] {manager.py:741} INFO - There are 0 files in /opt/airflow/dags
[2026-07-20T16:15:28.235+0000] {manager.py:738} INFO - Searching for files in /opt/airflow/dags
[2026-07-20T16:15:28.449+0000] {manager.py:741} INFO - There are 0 files in /opt/airflow/dags
[2026-07-20T16:20:29.051+0000] {manager.py:738} INFO - Searching for files in /opt/airflow/dags
[2026-07-20T16:20:30.670+0000] {manager.py:741} INFO - There are 0 files in /opt/airflow/dags
[2026-07-20T16:25:29.279+0000] {manager.py:738} INFO - Searching for files in /opt/airflow/dags
[2026-07-20T16:25:29.774+0000] {manager.py:741} INFO - There are 0 files in /opt/airflow/dags
[2026-07-20T16:30:30.046+0000] {manager.py:738} INFO - Searching for files in /opt/airflow/dags
[2026-07-20T16:30:30.246+0000] {manager.py:741} INFO - There are 0 files in /opt/airflow/dags
[2026-07-20T16:44:07.760+0000] {manager.py:738} INFO - Searching for files in /opt/airflow/dags
[2026-07-20T16:44:11.400+0000] {manager.py:741} INFO - There are 0 files in /opt/airflow/dags
[2026-07-20T16:55:56.861+0000] {manager.py:738} INFO - Searching for files in /opt/airflow/dags
[2026-07-20T16:55:56.892+0000] {manager.py:741} INFO - There are 0 files in /opt/airflow/dags
[2026-07-20T17:00:57.887+0000] {manager.py:738} INFO - Searching for files in /opt/airflow/dags
[2026-07-20T17:00:57.901+0000] {manager.py:741} INFO - There are 0 files in /opt/airflow/dags
[2026-07-20T17:05:58.723+0000] {manager.py:738} INFO - Searching for files in /opt/airflow/dags
[2026-07-20T17:05:58.745+0000] {manager.py:741} INFO - There are 0 files in /opt/airflow/dags
[2026-07-20T17:10:59.456+0000] {manager.py:738} INFO - Searching for files in /opt/airflow/dags
[2026-07-20T17:10:59.472+0000] {manager.py:741} INFO - There are 0 files in /opt/airflow/dags
[2026-07-20T20:20:58.164+0000] {manager.py:738} INFO - Searching for files in /opt/airflow/dags
[2026-07-20T20:20:58.701+0000] {manager.py:741} INFO - There are 0 files in /opt/airflow/dags
[2026-07-20T20:25:58.487+0000] {manager.py:738} INFO - Searching for files in /opt/airflow/dags
[2026-07-20T20:25:58.533+0000] {manager.py:741} INFO - There are 0 files in /opt/airflow/dags
[2026-07-20T20:30:58.634+0000] {manager.py:738} INFO - Searching for files in /opt/airflow/dags
[2026-07-20T20:30:58.649+0000] {manager.py:741} INFO - There are 0 files in /opt/airflow/dags
[2026-07-20T20:35:58.948+0000] {manager.py:738} INFO - Searching for files in /opt/airflow/dags
[2026-07-20T20:35:58.963+0000] {manager.py:741} INFO - There are 0 files in /opt/airflow/dags
[2026-07-20T20:40:59.380+0000] {manager.py:738} INFO - Searching for files in /opt/airflow/dags
[2026-07-20T20:40:59.388+0000] {manager.py:741} INFO - There are 0 files in /opt/airflow/dags
[2026-07-20T20:46:00.015+0000] {manager.py:738} INFO - Searching for files in /opt/airflow/dags
[2026-07-20T20:46:00.030+0000] {manager.py:741} INFO - There are 0 files in /opt/airflow/dags
[2026-07-20T20:51:00.051+0000] {manager.py:738} INFO - Searching for files in /opt/airflow/dags
[2026-07-20T20:51:00.146+0000] {manager.py:741} INFO - There are 0 files in /opt/airflow/dags
[2026-07-20T20:56:00.940+0000] {manager.py:738} INFO - Searching for files in /opt/airflow/dags
[2026-07-20T20:56:00.958+0000] {manager.py:741} INFO - There are 0 files in /opt/airflow/dags
[2026-07-20T21:01:01.516+0000] {manager.py:738} INFO - Searching for files in /opt/airflow/dags
[2026-07-20T21:01:01.544+0000] {manager.py:741} INFO - There are 0 files in /opt/airflow/dags
[2026-07-20T21:06:02.274+0000] {manager.py:738} INFO - Searching for files in /opt/airflow/dags
[2026-07-20T21:06:02.286+0000] {manager.py:741} INFO - There are 0 files in /opt/airflow/dags
[2026-07-20T21:11:04.733+0000] {manager.py:738} INFO - Searching for files in /opt/airflow/dags
[2026-07-20T21:11:04.748+0000] {manager.py:741} INFO - There are 0 files in /opt/airflow/dags
[2026-07-20T21:16:05.340+0000] {manager.py:738} INFO - Searching for files in /opt/airflow/dags
[2026-07-20T21:16:05.348+0000] {manager.py:741} INFO - There are 0 files in /opt/airflow/dags
[2026-07-20T21:21:05.498+0000] {manager.py:738} INFO - Searching for files in /opt/airflow/dags
[2026-07-20T21:21:05.529+0000] {manager.py:741} INFO - There are 0 files in /opt/airflow/dags
[2026-07-20T21:26:06.132+0000] {manager.py:738} INFO - Searching for files in /opt/airflow/dags
[2026-07-20T21:26:06.170+0000] {manager.py:741} INFO - There are 0 files in /opt/airflow/dags
[2026-07-20T21:31:06.243+0000] {manager.py:738} INFO - Searching for files in /opt/airflow/dags
[2026-07-20T21:31:06.754+0000] {manager.py:741} INFO - There are 0 files in /opt/airflow/dags
[2026-07-20T21:36:07.072+0000] {manager.py:738} INFO - Searching for files in /opt/airflow/dags
[2026-07-20T21:36:07.082+0000] {manager.py:741} INFO - There are 0 files in /opt/airflow/dags
[2026-07-20T21:41:07.953+0000] {manager.py:738} INFO - Searching for files in /opt/airflow/dags
[2026-07-20T21:41:08.169+0000] {manager.py:741} INFO - There are 0 files in /opt/airflow/dags
[2026-07-20T21:46:07.970+0000] {manager.py:738} INFO - Searching for files in /opt/airflow/dags
[2026-07-20T21:46:07.998+0000] {manager.py:741} INFO - There are 0 files in /opt/airflow/dags
[2026-07-20T21:51:08.041+0000] {manager.py:738} INFO - Searching for files in /opt/airflow/dags
[2026-07-20T21:51:08.062+0000] {manager.py:741} INFO - There are 0 files in /opt/airflow/dags
[2026-07-21T13:34:51.463+0000] {manager.py:469} INFO - Processing files using up to 2 processes at a time 
[2026-07-21T13:34:51.465+0000] {manager.py:470} INFO - Process each file at most once every 30 seconds
[2026-07-21T13:34:51.466+0000] {manager.py:471} INFO - Checking for new files in /opt/airflow/dags every 300 seconds
[2026-07-21T13:34:51.467+0000] {manager.py:738} INFO - Searching for files in /opt/airflow/dags
[2026-07-21T13:34:51.476+0000] {manager.py:741} INFO - There are 0 files in /opt/airflow/dags
[2026-07-21T20:00:07.891+0000] {manager.py:469} INFO - Processing files using up to 2 processes at a time 
[2026-07-21T20:00:07.897+0000] {manager.py:470} INFO - Process each file at most once every 30 seconds
[2026-07-21T20:00:07.898+0000] {manager.py:471} INFO - Checking for new files in /opt/airflow/dags every 300 seconds
[2026-07-21T20:00:07.900+0000] {manager.py:738} INFO - Searching for files in /opt/airflow/dags
[2026-07-21T20:00:07.923+0000] {manager.py:741} INFO - There are 0 files in /opt/airflow/dags
[2026-07-21T20:05:08.477+0000] {manager.py:738} INFO - Searching for files in /opt/airflow/dags
[2026-07-21T20:05:08.492+0000] {manager.py:741} INFO - There are 0 files in /opt/airflow/dags
[2026-07-21T20:10:11.645+0000] {manager.py:738} INFO - Searching for files in /opt/airflow/dags
[2026-07-21T20:10:11.983+0000] {manager.py:741} INFO - There are 0 files in /opt/airflow/dags
[2026-07-21T20:15:11.822+0000] {manager.py:738} INFO - Searching for files in /opt/airflow/dags
[2026-07-21T20:15:11.837+0000] {manager.py:741} INFO - There are 0 files in /opt/airflow/dags
[2026-07-21T20:20:12.537+0000] {manager.py:738} INFO - Searching for files in /opt/airflow/dags
[2026-07-21T20:20:12.542+0000] {manager.py:741} INFO - There are 0 files in /opt/airflow/dags
[2026-07-21T20:25:13.285+0000] {manager.py:738} INFO - Searching for files in /opt/airflow/dags
[2026-07-21T20:25:13.488+0000] {manager.py:741} INFO - There are 0 files in /opt/airflow/dags
[2026-07-21T20:30:13.581+0000] {manager.py:738} INFO - Searching for files in /opt/airflow/dags
[2026-07-21T20:30:13.744+0000] {manager.py:741} INFO - There are 0 files in /opt/airflow/dags
[2026-07-21T20:35:13.805+0000] {manager.py:738} INFO - Searching for files in /opt/airflow/dags
[2026-07-21T20:35:14.335+0000] {manager.py:741} INFO - There are 0 files in /opt/airflow/dags
[2026-07-21T20:40:14.518+0000] {manager.py:738} INFO - Searching for files in /opt/airflow/dags
[2026-07-21T20:40:15.155+0000] {manager.py:741} INFO - There are 0 files in /opt/airflow/dags
[2026-07-21T20:45:14.959+0000] {manager.py:738} INFO - Searching for files in /opt/airflow/dags
[2026-07-21T20:45:15.173+0000] {manager.py:741} INFO - There are 0 files in /opt/airflow/dags
[2026-07-21T20:50:15.707+0000] {manager.py:738} INFO - Searching for files in /opt/airflow/dags
[2026-07-21T20:50:16.224+0000] {manager.py:741} INFO - There are 0 files in /opt/airflow/dags
[2026-07-21T20:55:16.463+0000] {manager.py:738} INFO - Searching for files in /opt/airflow/dags
[2026-07-21T20:55:18.616+0000] {manager.py:741} INFO - There are 0 files in /opt/airflow/dags
[2026-07-21T21:00:17.366+0000] {manager.py:738} INFO - Searching for files in /opt/airflow/dags
[2026-07-21T21:00:17.430+0000] {manager.py:741} INFO - There are 0 files in /opt/airflow/dags
[2026-07-21T21:05:17.649+0000] {manager.py:738} INFO - Searching for files in /opt/airflow/dags
[2026-07-21T21:05:17.662+0000] {manager.py:741} INFO - There are 0 files in /opt/airflow/dags
[2026-07-21T21:10:17.758+0000] {manager.py:738} INFO - Searching for files in /opt/airflow/dags
[2026-07-21T21:10:17.767+0000] {manager.py:741} INFO - There are 0 files in /opt/airflow/dags
[2026-07-21T21:15:18.007+0000] {manager.py:738} INFO - Searching for files in /opt/airflow/dags
[2026-07-21T21:15:18.020+0000] {manager.py:741} INFO - There are 0 files in /opt/airflow/dags
[2026-07-21T21:20:18.941+0000] {manager.py:738} INFO - Searching for files in /opt/airflow/dags
[2026-07-21T21:20:18.961+0000] {manager.py:741} INFO - There are 0 files in /opt/airflow/dags
[2026-07-21T21:25:19.437+0000] {manager.py:738} INFO - Searching for files in /opt/airflow/dags
[2026-07-21T21:25:19.443+0000] {manager.py:741} INFO - There are 0 files in /opt/airflow/dags
[2026-07-21T21:30:20.152+0000] {manager.py:738} INFO - Searching for files in /opt/airflow/dags
[2026-07-21T21:30:20.179+0000] {manager.py:741} INFO - There are 0 files in /opt/airflow/dags
[2026-07-21T21:35:20.498+0000] {manager.py:738} INFO - Searching for files in /opt/airflow/dags
[2026-07-21T21:35:20.743+0000] {manager.py:741} INFO - There are 0 files in /opt/airflow/dags
[2026-07-21T21:40:20.510+0000] {manager.py:738} INFO - Searching for files in /opt/airflow/dags
[2026-07-21T21:40:20.557+0000] {manager.py:741} INFO - There are 0 files in /opt/airflow/dags
[2026-07-21T21:45:20.984+0000] {manager.py:738} INFO - Searching for files in /opt/airflow/dags
[2026-07-21T21:45:21.150+0000] {manager.py:741} INFO - There are 0 files in /opt/airflow/dags
[2026-07-21T21:50:22.647+0000] {manager.py:738} INFO - Searching for files in /opt/airflow/dags
[2026-07-21T21:50:22.890+0000] {manager.py:741} INFO - There are 0 files in /opt/airflow/dags
[2026-07-21T21:55:22.718+0000] {manager.py:738} INFO - Searching for files in /opt/airflow/dags
[2026-07-21T21:55:22.744+0000] {manager.py:741} INFO - There are 0 files in /opt/airflow/dags
[2026-07-21T22:00:22.998+0000] {manager.py:738} INFO - Searching for files in /opt/airflow/dags
[2026-07-21T22:00:23.074+0000] {manager.py:741} INFO - There are 0 files in /opt/airflow/dags
[2026-07-21T22:05:23.133+0000] {manager.py:738} INFO - Searching for files in /opt/airflow/dags
[2026-07-21T22:05:23.171+0000] {manager.py:741} INFO - There are 0 files in /opt/airflow/dags
[2026-07-21T23:01:24.783+0000] {manager.py:738} INFO - Searching for files in /opt/airflow/dags
[2026-07-21T23:01:24.923+0000] {manager.py:741} INFO - There are 0 files in /opt/airflow/dags
[2026-07-21T23:06:25.285+0000] {manager.py:738} INFO - Searching for files in /opt/airflow/dags
[2026-07-21T23:06:25.310+0000] {manager.py:741} INFO - There are 0 files in /opt/airflow/dags
[2026-07-21T23:11:25.514+0000] {manager.py:738} INFO - Searching for files in /opt/airflow/dags
[2026-07-21T23:11:25.545+0000] {manager.py:741} INFO - There are 0 files in /opt/airflow/dags
[2026-07-21T23:16:25.809+0000] {manager.py:738} INFO - Searching for files in /opt/airflow/dags
[2026-07-21T23:16:25.840+0000] {manager.py:741} INFO - There are 0 files in /opt/airflow/dags
[2026-07-21T23:21:26.059+0000] {manager.py:738} INFO - Searching for files in /opt/airflow/dags
[2026-07-21T23:21:26.071+0000] {manager.py:741} INFO - There are 0 files in /opt/airflow/dags
[2026-07-21T23:26:26.258+0000] {manager.py:738} INFO - Searching for files in /opt/airflow/dags
[2026-07-21T23:26:26.292+0000] {manager.py:741} INFO - There are 0 files in /opt/airflow/dags
[2026-07-21T23:57:48.373+0000] {manager.py:738} INFO - Searching for files in /opt/airflow/dags
[2026-07-21T23:57:48.377+0000] {manager.py:741} INFO - There are 0 files in /opt/airflow/dags
[2026-07-22T00:02:48.472+0000] {manager.py:738} INFO - Searching for files in /opt/airflow/dags
[2026-07-22T00:02:48.480+0000] {manager.py:741} INFO - There are 0 files in /opt/airflow/dags
[2026-07-22T00:07:49.197+0000] {manager.py:738} INFO - Searching for files in /opt/airflow/dags
[2026-07-22T00:07:49.210+0000] {manager.py:741} INFO - There are 0 files in /opt/airflow/dags
[2026-07-22T00:12:49.687+0000] {manager.py:738} INFO - Searching for files in /opt/airflow/dags
[2026-07-22T00:12:49.695+0000] {manager.py:741} INFO - There are 0 files in /opt/airflow/dags
[2026-07-22T00:17:50.191+0000] {manager.py:738} INFO - Searching for files in /opt/airflow/dags
[2026-07-22T00:17:50.228+0000] {manager.py:741} INFO - There are 0 files in /opt/airflow/dags
[2026-07-22T00:22:50.850+0000] {manager.py:738} INFO - Searching for files in /opt/airflow/dags
[2026-07-22T00:22:50.878+0000] {manager.py:741} INFO - There are 0 files in /opt/airflow/dags
[2026-07-22T00:27:51.466+0000] {manager.py:738} INFO - Searching for files in /opt/airflow/dags
[2026-07-22T00:27:51.483+0000] {manager.py:741} INFO - There are 0 files in /opt/airflow/dags
[2026-07-22T00:32:51.909+0000] {manager.py:738} INFO - Searching for files in /opt/airflow/dags
[2026-07-22T00:32:51.925+0000] {manager.py:741} INFO - There are 0 files in /opt/airflow/dags
[2026-07-22T00:37:52.218+0000] {manager.py:738} INFO - Searching for files in /opt/airflow/dags
[2026-07-22T00:37:52.394+0000] {manager.py:741} INFO - There are 0 files in /opt/airflow/dags
[2026-07-22T00:42:52.687+0000] {manager.py:738} INFO - Searching for files in /opt/airflow/dags
[2026-07-22T00:42:52.716+0000] {manager.py:741} INFO - There are 0 files in /opt/airflow/dags
[2026-07-22T00:47:52.864+0000] {manager.py:738} INFO - Searching for files in /opt/airflow/dags
[2026-07-22T00:47:52.888+0000] {manager.py:741} INFO - There are 0 files in /opt/airflow/dags
[2026-07-22T00:52:52.920+0000] {manager.py:738} INFO - Searching for files in /opt/airflow/dags
[2026-07-22T00:52:52.961+0000] {manager.py:741} INFO - There are 0 files in /opt/airflow/dags
[2026-07-22T00:57:52.994+0000] {manager.py:738} INFO - Searching for files in /opt/airflow/dags
[2026-07-22T00:57:53.023+0000] {manager.py:741} INFO - There are 0 files in /opt/airflow/dags
[2026-07-22T01:02:53.171+0000] {manager.py:738} INFO - Searching for files in /opt/airflow/dags
[2026-07-22T01:02:53.195+0000] {manager.py:741} INFO - There are 0 files in /opt/airflow/dags
[2026-07-22T01:07:53.600+0000] {manager.py:738} INFO - Searching for files in /opt/airflow/dags
[2026-07-22T01:07:53.630+0000] {manager.py:741} INFO - There are 0 files in /opt/airflow/dags
[2026-07-22T01:12:53.812+0000] {manager.py:738} INFO - Searching for files in /opt/airflow/dags
[2026-07-22T01:12:53.832+0000] {manager.py:741} INFO - There are 0 files in /opt/airflow/dags
[2026-07-22T01:17:54.038+0000] {manager.py:738} INFO - Searching for files in /opt/airflow/dags
[2026-07-22T01:17:54.057+0000] {manager.py:741} INFO - There are 0 files in /opt/airflow/dags
[2026-07-22T01:22:54.646+0000] {manager.py:738} INFO - Searching for files in /opt/airflow/dags
[2026-07-22T01:22:54.667+0000] {manager.py:741} INFO - There are 0 files in /opt/airflow/dags
[2026-07-22T01:27:54.991+0000] {manager.py:738} INFO - Searching for files in /opt/airflow/dags
[2026-07-22T01:27:55.005+0000] {manager.py:741} INFO - There are 0 files in /opt/airflow/dags
[2026-07-22T01:32:55.773+0000] {manager.py:738} INFO - Searching for files in /opt/airflow/dags
[2026-07-22T01:32:55.818+0000] {manager.py:741} INFO - There are 0 files in /opt/airflow/dags
[2026-07-22T01:37:56.124+0000] {manager.py:738} INFO - Searching for files in /opt/airflow/dags
[2026-07-22T01:37:56.149+0000] {manager.py:741} INFO - There are 0 files in /opt/airflow/dags
[2026-07-22T01:42:57.074+0000] {manager.py:738} INFO - Searching for files in /opt/airflow/dags
[2026-07-22T01:42:57.100+0000] {manager.py:741} INFO - There are 0 files in /opt/airflow/dags
[2026-07-22T01:48:00.892+0000] {manager.py:738} INFO - Searching for files in /opt/airflow/dags
[2026-07-22T01:48:00.908+0000] {manager.py:741} INFO - There are 0 files in /opt/airflow/dags
[2026-07-22T01:53:01.372+0000] {manager.py:738} INFO - Searching for files in /opt/airflow/dags
[2026-07-22T01:53:01.399+0000] {manager.py:741} INFO - There are 0 files in /opt/airflow/dags
[2026-07-22T01:58:01.793+0000] {manager.py:738} INFO - Searching for files in /opt/airflow/dags
[2026-07-22T01:58:01.815+0000] {manager.py:741} INFO - There are 0 files in /opt/airflow/dags
[2026-07-22T02:03:02.224+0000] {manager.py:738} INFO - Searching for files in /opt/airflow/dags
[2026-07-22T02:03:02.249+0000] {manager.py:741} INFO - There are 0 files in /opt/airflow/dags
[2026-07-22T02:08:02.380+0000] {manager.py:738} INFO - Searching for files in /opt/airflow/dags
[2026-07-22T02:08:02.411+0000] {manager.py:741} INFO - There are 0 files in /opt/airflow/dags
[2026-07-22T02:13:03.323+0000] {manager.py:738} INFO - Searching for files in /opt/airflow/dags
[2026-07-22T02:13:03.339+0000] {manager.py:741} INFO - There are 0 files in /opt/airflow/dags
[2026-07-22T02:18:03.400+0000] {manager.py:738} INFO - Searching for files in /opt/airflow/dags
[2026-07-22T02:18:03.425+0000] {manager.py:741} INFO - There are 0 files in /opt/airflow/dags
[2026-07-22T02:23:04.369+0000] {manager.py:738} INFO - Searching for files in /opt/airflow/dags
[2026-07-22T02:23:04.382+0000] {manager.py:741} INFO - There are 0 files in /opt/airflow/dags
[2026-07-22T02:28:04.635+0000] {manager.py:738} INFO - Searching for files in /opt/airflow/dags
[2026-07-22T02:28:04.643+0000] {manager.py:741} INFO - There are 0 files in /opt/airflow/dags
[2026-07-22T02:33:04.824+0000] {manager.py:738} INFO - Searching for files in /opt/airflow/dags
[2026-07-22T02:33:04.842+0000] {manager.py:741} INFO - There are 0 files in /opt/airflow/dags
[2026-07-22T02:38:05.193+0000] {manager.py:738} INFO - Searching for files in /opt/airflow/dags
[2026-07-22T02:38:05.229+0000] {manager.py:741} INFO - There are 0 files in /opt/airflow/dags
[2026-07-22T02:43:05.527+0000] {manager.py:738} INFO - Searching for files in /opt/airflow/dags
[2026-07-22T02:43:05.555+0000] {manager.py:741} INFO - There are 0 files in /opt/airflow/dags
[2026-07-22T02:48:05.939+0000] {manager.py:738} INFO - Searching for files in /opt/airflow/dags
[2026-07-22T02:48:05.964+0000] {manager.py:741} INFO - There are 0 files in /opt/airflow/dags
[2026-07-22T02:53:06.400+0000] {manager.py:738} INFO - Searching for files in /opt/airflow/dags
[2026-07-22T02:53:06.440+0000] {manager.py:741} INFO - There are 0 files in /opt/airflow/dags
[2026-07-22T02:58:06.620+0000] {manager.py:738} INFO - Searching for files in /opt/airflow/dags
[2026-07-22T02:58:06.641+0000] {manager.py:741} INFO - There are 0 files in /opt/airflow/dags
[2026-07-22T03:03:06.761+0000] {manager.py:738} INFO - Searching for files in /opt/airflow/dags
[2026-07-22T03:03:06.808+0000] {manager.py:741} INFO - There are 0 files in /opt/airflow/dags
[2026-07-22T03:08:06.877+0000] {manager.py:738} INFO - Searching for files in /opt/airflow/dags
[2026-07-22T03:08:06.884+0000] {manager.py:741} INFO - There are 0 files in /opt/airflow/dags
[2026-07-22T03:13:07.042+0000] {manager.py:738} INFO - Searching for files in /opt/airflow/dags
[2026-07-22T03:13:07.067+0000] {manager.py:741} INFO - There are 0 files in /opt/airflow/dags
[2026-07-22T03:35:08.875+0000] {manager.py:738} INFO - Searching for files in /opt/airflow/dags
[2026-07-22T03:35:09.143+0000] {manager.py:741} INFO - There are 0 files in /opt/airflow/dags
[2026-07-22T03:40:10.009+0000] {manager.py:738} INFO - Searching for files in /opt/airflow/dags
[2026-07-22T03:40:10.026+0000] {manager.py:741} INFO - There are 0 files in /opt/airflow/dags
[2026-07-22T03:45:10.284+0000] {manager.py:738} INFO - Searching for files in /opt/airflow/dags
[2026-07-22T03:45:10.308+0000] {manager.py:741} INFO - There are 0 files in /opt/airflow/dags
[2026-07-22T03:50:10.669+0000] {manager.py:738} INFO - Searching for files in /opt/airflow/dags
[2026-07-22T03:50:10.719+0000] {manager.py:741} INFO - There are 0 files in /opt/airflow/dags
[2026-07-22T03:55:11.092+0000] {manager.py:738} INFO - Searching for files in /opt/airflow/dags
[2026-07-22T03:55:11.106+0000] {manager.py:741} INFO - There are 0 files in /opt/airflow/dags
[2026-07-22T04:00:11.403+0000] {manager.py:738} INFO - Searching for files in /opt/airflow/dags
[2026-07-22T04:00:11.417+0000] {manager.py:741} INFO - There are 0 files in /opt/airflow/dags
[2026-07-22T04:05:11.898+0000] {manager.py:738} INFO - Searching for files in /opt/airflow/dags
[2026-07-22T04:05:11.939+0000] {manager.py:741} INFO - There are 0 files in /opt/airflow/dags
[2026-07-22T04:10:12.697+0000] {manager.py:738} INFO - Searching for files in /opt/airflow/dags
[2026-07-22T04:10:12.705+0000] {manager.py:741} INFO - There are 0 files in /opt/airflow/dags
[2026-07-22T04:15:13.038+0000] {manager.py:738} INFO - Searching for files in /opt/airflow/dags
[2026-07-22T04:15:13.048+0000] {manager.py:741} INFO - There are 0 files in /opt/airflow/dags
[2026-07-29T21:40:32.483+0000] {manager.py:469} INFO - Processing files using up to 2 processes at a time 
[2026-07-29T21:40:32.484+0000] {manager.py:470} INFO - Process each file at most once every 30 seconds
[2026-07-29T21:40:32.484+0000] {manager.py:471} INFO - Checking for new files in /opt/airflow/dags every 300 seconds
[2026-07-29T21:40:32.485+0000] {manager.py:738} INFO - Searching for files in /opt/airflow/dags
[2026-07-29T21:40:32.491+0000] {manager.py:741} INFO - There are 0 files in /opt/airflow/dags
[2026-07-29T21:45:32.533+0000] {manager.py:738} INFO - Searching for files in /opt/airflow/dags
[2026-07-29T21:45:32.551+0000] {manager.py:741} INFO - There are 0 files in /opt/airflow/dags
[2026-07-29T21:50:33.525+0000] {manager.py:738} INFO - Searching for files in /opt/airflow/dags
[2026-07-29T21:50:33.535+0000] {manager.py:741} INFO - There are 0 files in /opt/airflow/dags
[2026-07-29T21:55:34.304+0000] {manager.py:738} INFO - Searching for files in /opt/airflow/dags
[2026-07-29T21:55:34.367+0000] {manager.py:741} INFO - There are 0 files in /opt/airflow/dags
[2026-07-29T22:00:34.626+0000] {manager.py:738} INFO - Searching for files in /opt/airflow/dags
[2026-07-29T22:00:34.642+0000] {manager.py:741} INFO - There are 0 files in /opt/airflow/dags
[2026-07-29T22:56:18.685+0000] {manager.py:738} INFO - Searching for files in /opt/airflow/dags
[2026-07-29T22:56:18.755+0000] {manager.py:741} INFO - There are 0 files in /opt/airflow/dags
[2026-07-29T23:01:19.040+0000] {manager.py:738} INFO - Searching for files in /opt/airflow/dags
[2026-07-29T23:01:19.055+0000] {manager.py:741} INFO - There are 0 files in /opt/airflow/dags
[2026-07-29T23:06:19.782+0000] {manager.py:738} INFO - Searching for files in /opt/airflow/dags
[2026-07-29T23:06:19.815+0000] {manager.py:741} INFO - There are 0 files in /opt/airflow/dags
[2026-07-29T23:11:20.206+0000] {manager.py:738} INFO - Searching for files in /opt/airflow/dags
[2026-07-29T23:11:20.219+0000] {manager.py:741} INFO - There are 0 files in /opt/airflow/dags
[2026-07-29T23:16:20.604+0000] {manager.py:738} INFO - Searching for files in /opt/airflow/dags
[2026-07-29T23:16:20.623+0000] {manager.py:741} INFO - There are 0 files in /opt/airflow/dags
[2026-07-29T23:21:21.132+0000] {manager.py:738} INFO - Searching for files in /opt/airflow/dags
[2026-07-29T23:21:21.157+0000] {manager.py:741} INFO - There are 0 files in /opt/airflow/dags
[2026-07-29T23:26:21.892+0000] {manager.py:738} INFO - Searching for files in /opt/airflow/dags
[2026-07-29T23:26:21.903+0000] {manager.py:741} INFO - There are 0 files in /opt/airflow/dags
[2026-07-29T23:31:22.171+0000] {manager.py:738} INFO - Searching for files in /opt/airflow/dags
[2026-07-29T23:31:22.177+0000] {manager.py:741} INFO - There are 0 files in /opt/airflow/dags
[2026-07-29T23:36:22.498+0000] {manager.py:738} INFO - Searching for files in /opt/airflow/dags
[2026-07-29T23:36:22.509+0000] {manager.py:741} INFO - There are 0 files in /opt/airflow/dags
[2026-07-29T23:41:22.966+0000] {manager.py:738} INFO - Searching for files in /opt/airflow/dags
[2026-07-29T23:41:22.978+0000] {manager.py:741} INFO - There are 0 files in /opt/airflow/dags
[2026-07-29T23:46:23.328+0000] {manager.py:738} INFO - Searching for files in /opt/airflow/dags
[2026-07-29T23:46:23.345+0000] {manager.py:741} INFO - There are 0 files in /opt/airflow/dags
[2026-07-29T23:51:23.636+0000] {manager.py:738} INFO - Searching for files in /opt/airflow/dags
[2026-07-29T23:51:23.644+0000] {manager.py:741} INFO - There are 0 files in /opt/airflow/dags
[2026-07-30T00:09:28.985+0000] {manager.py:738} INFO - Searching for files in /opt/airflow/dags
[2026-07-30T00:09:28.992+0000] {manager.py:741} INFO - There are 0 files in /opt/airflow/dags
[2026-07-30T00:14:29.132+0000] {manager.py:738} INFO - Searching for files in /opt/airflow/dags
[2026-07-30T00:14:29.138+0000] {manager.py:741} INFO - There are 0 files in /opt/airflow/dags
[2026-07-30T00:19:29.294+0000] {manager.py:738} INFO - Searching for files in /opt/airflow/dags
[2026-07-30T00:19:29.301+0000] {manager.py:741} INFO - There are 0 files in /opt/airflow/dags
[2026-07-30T00:24:32.228+0000] {manager.py:738} INFO - Searching for files in /opt/airflow/dags
[2026-07-30T00:24:32.236+0000] {manager.py:741} INFO - There are 0 files in /opt/airflow/dags
[2026-07-30T00:29:32.757+0000] {manager.py:738} INFO - Searching for files in /opt/airflow/dags
[2026-07-30T00:29:32.783+0000] {manager.py:741} INFO - There are 0 files in /opt/airflow/dags
[2026-07-30T00:34:32.907+0000] {manager.py:738} INFO - Searching for files in /opt/airflow/dags
[2026-07-30T00:34:32.913+0000] {manager.py:741} INFO - There are 0 files in /opt/airflow/dags
[2026-07-30T00:39:33.249+0000] {manager.py:738} INFO - Searching for files in /opt/airflow/dags
[2026-07-30T00:39:33.254+0000] {manager.py:741} INFO - There are 0 files in /opt/airflow/dags
[2026-07-30T00:44:33.773+0000] {manager.py:738} INFO - Searching for files in /opt/airflow/dags
[2026-07-30T00:44:33.790+0000] {manager.py:741} INFO - There are 0 files in /opt/airflow/dags
[2026-07-30T00:49:34.254+0000] {manager.py:738} INFO - Searching for files in /opt/airflow/dags
[2026-07-30T00:49:34.271+0000] {manager.py:741} INFO - There are 0 files in /opt/airflow/dags
[2026-07-30T00:54:34.575+0000] {manager.py:738} INFO - Searching for files in /opt/airflow/dags
[2026-07-30T00:54:34.582+0000] {manager.py:741} INFO - There are 0 files in /opt/airflow/dags
[2026-07-30T00:59:34.754+0000] {manager.py:738} INFO - Searching for files in /opt/airflow/dags
[2026-07-30T00:59:34.760+0000] {manager.py:741} INFO - There are 0 files in /opt/airflow/dags
[2026-07-30T01:04:35.014+0000] {manager.py:738} INFO - Searching for files in /opt/airflow/dags
[2026-07-30T01:04:35.028+0000] {manager.py:741} INFO - There are 0 files in /opt/airflow/dags
[2026-07-30T01:09:35.133+0000] {manager.py:738} INFO - Searching for files in /opt/airflow/dags
[2026-07-30T01:09:35.138+0000] {manager.py:741} INFO - There are 0 files in /opt/airflow/dags
[2026-07-30T01:14:35.773+0000] {manager.py:738} INFO - Searching for files in /opt/airflow/dags
[2026-07-30T01:14:35.781+0000] {manager.py:741} INFO - There are 0 files in /opt/airflow/dags
[2026-07-30T01:19:35.940+0000] {manager.py:738} INFO - Searching for files in /opt/airflow/dags
[2026-07-30T01:19:35.947+0000] {manager.py:741} INFO - There are 0 files in /opt/airflow/dags
[2026-07-30T01:24:36.219+0000] {manager.py:738} INFO - Searching for files in /opt/airflow/dags
[2026-07-30T01:24:36.231+0000] {manager.py:741} INFO - There are 0 files in /opt/airflow/dags
[2026-07-30T01:29:36.460+0000] {manager.py:738} INFO - Searching for files in /opt/airflow/dags
[2026-07-30T01:29:36.465+0000] {manager.py:741} INFO - There are 0 files in /opt/airflow/dags
[2026-07-30T01:34:36.627+0000] {manager.py:738} INFO - Searching for files in /opt/airflow/dags
[2026-07-30T01:34:36.636+0000] {manager.py:741} INFO - There are 0 files in /opt/airflow/dags
[2026-07-30T01:39:36.908+0000] {manager.py:738} INFO - Searching for files in /opt/airflow/dags
[2026-07-30T01:39:36.915+0000] {manager.py:741} INFO - There are 0 files in /opt/airflow/dags
[2026-07-30T01:44:37.118+0000] {manager.py:738} INFO - Searching for files in /opt/airflow/dags
[2026-07-30T01:44:37.126+0000] {manager.py:741} INFO - There are 0 files in /opt/airflow/dags
[2026-07-30T01:49:37.368+0000] {manager.py:738} INFO - Searching for files in /opt/airflow/dags
[2026-07-30T01:49:37.384+0000] {manager.py:741} INFO - There are 0 files in /opt/airflow/dags
[2026-07-30T01:54:37.607+0000] {manager.py:738} INFO - Searching for files in /opt/airflow/dags
[2026-07-30T01:54:37.623+0000] {manager.py:741} INFO - There are 0 files in /opt/airflow/dags
[2026-07-30T01:59:37.817+0000] {manager.py:738} INFO - Searching for files in /opt/airflow/dags
[2026-07-30T01:59:37.825+0000] {manager.py:741} INFO - There are 0 files in /opt/airflow/dags
[2026-07-30T02:04:38.029+0000] {manager.py:738} INFO - Searching for files in /opt/airflow/dags
[2026-07-30T02:04:38.041+0000] {manager.py:741} INFO - There are 0 files in /opt/airflow/dags
[2026-07-30T02:09:38.280+0000] {manager.py:738} INFO - Searching for files in /opt/airflow/dags
[2026-07-30T02:09:38.286+0000] {manager.py:741} INFO - There are 0 files in /opt/airflow/dags
[2026-07-30T02:14:38.551+0000] {manager.py:738} INFO - Searching for files in /opt/airflow/dags
[2026-07-30T02:14:38.567+0000] {manager.py:741} INFO - There are 0 files in /opt/airflow/dags
[2026-07-30T02:19:38.823+0000] {manager.py:738} INFO - Searching for files in /opt/airflow/dags
[2026-07-30T02:19:38.830+0000] {manager.py:741} INFO - There are 0 files in /opt/airflow/dags
[2026-07-30T02:24:39.100+0000] {manager.py:738} INFO - Searching for files in /opt/airflow/dags
[2026-07-30T02:24:39.105+0000] {manager.py:741} INFO - There are 0 files in /opt/airflow/dags
[2026-07-30T02:29:39.467+0000] {manager.py:738} INFO - Searching for files in /opt/airflow/dags
[2026-07-30T02:29:39.486+0000] {manager.py:741} INFO - There are 0 files in /opt/airflow/dags
[2026-07-30T02:34:39.806+0000] {manager.py:738} INFO - Searching for files in /opt/airflow/dags
[2026-07-30T02:34:39.812+0000] {manager.py:741} INFO - There are 0 files in /opt/airflow/dags
[2026-07-30T02:39:40.036+0000] {manager.py:738} INFO - Searching for files in /opt/airflow/dags
[2026-07-30T02:39:40.043+0000] {manager.py:741} INFO - There are 0 files in /opt/airflow/dags
[2026-07-30T02:44:40.213+0000] {manager.py:738} INFO - Searching for files in /opt/airflow/dags
[2026-07-30T02:44:40.218+0000] {manager.py:741} INFO - There are 0 files in /opt/airflow/dags
[2026-07-30T02:49:40.356+0000] {manager.py:738} INFO - Searching for files in /opt/airflow/dags
[2026-07-30T02:49:40.362+0000] {manager.py:741} INFO - There are 0 files in /opt/airflow/dags
[2026-07-30T02:54:40.657+0000] {manager.py:738} INFO - Searching for files in /opt/airflow/dags
[2026-07-30T02:54:40.668+0000] {manager.py:741} INFO - There are 0 files in /opt/airflow/dags
[2026-08-09T17:58:04.925+0000] {manager.py:469} INFO - Processing files using up to 2 processes at a time 
[2026-08-09T17:58:04.927+0000] {manager.py:470} INFO - Process each file at most once every 30 seconds
[2026-08-09T17:58:04.929+0000] {manager.py:471} INFO - Checking for new files in /opt/airflow/dags every 300 seconds
[2026-08-09T17:58:04.931+0000] {manager.py:738} INFO - Searching for files in /opt/airflow/dags
[2026-08-09T17:58:04.944+0000] {manager.py:741} INFO - There are 0 files in /opt/airflow/dags
[2026-08-09T18:03:05.576+0000] {manager.py:738} INFO - Searching for files in /opt/airflow/dags
[2026-08-09T18:03:05.591+0000] {manager.py:741} INFO - There are 0 files in /opt/airflow/dags
[2026-08-09T18:08:05.917+0000] {manager.py:738} INFO - Searching for files in /opt/airflow/dags
[2026-08-09T18:08:05.933+0000] {manager.py:741} INFO - There are 0 files in /opt/airflow/dags
[2026-08-09T18:13:06.438+0000] {manager.py:738} INFO - Searching for files in /opt/airflow/dags
[2026-08-09T18:13:06.445+0000] {manager.py:741} INFO - There are 0 files in /opt/airflow/dags
[2026-08-09T18:18:06.573+0000] {manager.py:738} INFO - Searching for files in /opt/airflow/dags
[2026-08-09T18:18:06.597+0000] {manager.py:741} INFO - There are 0 files in /opt/airflow/dags
[2026-08-10T22:09:35.291+0000] {manager.py:469} INFO - Processing files using up to 2 processes at a time 
[2026-08-10T22:09:35.292+0000] {manager.py:470} INFO - Process each file at most once every 30 seconds
[2026-08-10T22:09:35.293+0000] {manager.py:471} INFO - Checking for new files in /opt/airflow/dags every 300 seconds
[2026-08-10T22:09:35.295+0000] {manager.py:738} INFO - Searching for files in /opt/airflow/dags
[2026-08-10T22:09:35.305+0000] {manager.py:741} INFO - There are 0 files in /opt/airflow/dags
[2026-08-10T22:14:35.803+0000] {manager.py:738} INFO - Searching for files in /opt/airflow/dags
[2026-08-10T22:14:35.809+0000] {manager.py:741} INFO - There are 0 files in /opt/airflow/dags
[2026-08-10T22:23:15.230+0000] {manager.py:738} INFO - Searching for files in /opt/airflow/dags
[2026-08-10T22:23:15.327+0000] {manager.py:741} INFO - There are 0 files in /opt/airflow/dags
[2026-08-10T22:28:16.291+0000] {manager.py:738} INFO - Searching for files in /opt/airflow/dags
[2026-08-10T22:28:16.298+0000] {manager.py:741} INFO - There are 0 files in /opt/airflow/dags
[2026-08-10T22:33:16.377+0000] {manager.py:738} INFO - Searching for files in /opt/airflow/dags
[2026-08-10T22:33:16.383+0000] {manager.py:741} INFO - There are 0 files in /opt/airflow/dags
[2026-08-10T22:38:16.406+0000] {manager.py:738} INFO - Searching for files in /opt/airflow/dags
[2026-08-10T22:38:16.418+0000] {manager.py:741} INFO - There are 0 files in /opt/airflow/dags
[2026-08-10T22:43:17.280+0000] {manager.py:738} INFO - Searching for files in /opt/airflow/dags
[2026-08-10T22:43:17.286+0000] {manager.py:741} INFO - There are 0 files in /opt/airflow/dags
[2026-08-10T22:48:18.019+0000] {manager.py:738} INFO - Searching for files in /opt/airflow/dags
[2026-08-10T22:48:18.031+0000] {manager.py:741} INFO - There are 0 files in /opt/airflow/dags
[2026-08-10T22:53:21.587+0000] {manager.py:738} INFO - Searching for files in /opt/airflow/dags
[2026-08-10T22:53:21.592+0000] {manager.py:741} INFO - There are 0 files in /opt/airflow/dags
[2026-08-10T22:58:22.531+0000] {manager.py:738} INFO - Searching for files in /opt/airflow/dags
[2026-08-10T22:58:22.548+0000] {manager.py:741} INFO - There are 0 files in /opt/airflow/dags
[2026-08-10T23:03:23.346+0000] {manager.py:738} INFO - Searching for files in /opt/airflow/dags
[2026-08-10T23:03:23.351+0000] {manager.py:741} INFO - There are 0 files in /opt/airflow/dags
[2026-08-10T23:08:23.489+0000] {manager.py:738} INFO - Searching for files in /opt/airflow/dags
[2026-08-10T23:08:23.495+0000] {manager.py:741} INFO - There are 0 files in /opt/airflow/dags
[2026-08-10T23:13:23.834+0000] {manager.py:738} INFO - Searching for files in /opt/airflow/dags
[2026-08-10T23:13:23.866+0000] {manager.py:741} INFO - There are 0 files in /opt/airflow/dags
[2026-08-10T23:18:24.076+0000] {manager.py:738} INFO - Searching for files in /opt/airflow/dags
[2026-08-10T23:18:24.093+0000] {manager.py:741} INFO - There are 0 files in /opt/airflow/dags
[2026-08-10T23:23:24.444+0000] {manager.py:738} INFO - Searching for files in /opt/airflow/dags
[2026-08-10T23:23:24.451+0000] {manager.py:741} INFO - There are 0 files in /opt/airflow/dags
[2026-08-10T23:28:25.214+0000] {manager.py:738} INFO - Searching for files in /opt/airflow/dags
[2026-08-10T23:28:25.219+0000] {manager.py:741} INFO - There are 0 files in /opt/airflow/dags
[2026-08-10T23:33:26.181+0000] {manager.py:738} INFO - Searching for files in /opt/airflow/dags
[2026-08-10T23:33:26.187+0000] {manager.py:741} INFO - There are 0 files in /opt/airflow/dags
[2026-08-10T23:38:26.487+0000] {manager.py:738} INFO - Searching for files in /opt/airflow/dags
[2026-08-10T23:38:26.496+0000] {manager.py:741} INFO - There are 0 files in /opt/airflow/dags
[2026-08-10T23:43:27.469+0000] {manager.py:738} INFO - Searching for files in /opt/airflow/dags
[2026-08-10T23:43:27.479+0000] {manager.py:741} INFO - There are 0 files in /opt/airflow/dags
[2026-08-10T23:48:28.952+0000] {manager.py:738} INFO - Searching for files in /opt/airflow/dags
[2026-08-10T23:48:28.960+0000] {manager.py:741} INFO - There are 0 files in /opt/airflow/dags
[2026-08-10T23:53:29.466+0000] {manager.py:738} INFO - Searching for files in /opt/airflow/dags
[2026-08-10T23:53:29.475+0000] {manager.py:741} INFO - There are 0 files in /opt/airflow/dags
[2026-08-10T23:58:29.600+0000] {manager.py:738} INFO - Searching for files in /opt/airflow/dags
[2026-08-10T23:58:29.604+0000] {manager.py:741} INFO - There are 0 files in /opt/airflow/dags
[2026-08-11T00:03:30.331+0000] {manager.py:738} INFO - Searching for files in /opt/airflow/dags
[2026-08-11T00:03:30.344+0000] {manager.py:741} INFO - There are 0 files in /opt/airflow/dags
[2026-08-11T00:08:31.233+0000] {manager.py:738} INFO - Searching for files in /opt/airflow/dags
[2026-08-11T00:08:31.239+0000] {manager.py:741} INFO - There are 0 files in /opt/airflow/dags
[2026-08-11T00:13:34.802+0000] {manager.py:738} INFO - Searching for files in /opt/airflow/dags
[2026-08-11T00:13:34.809+0000] {manager.py:741} INFO - There are 0 files in /opt/airflow/dags
[2026-08-11T00:18:35.652+0000] {manager.py:738} INFO - Searching for files in /opt/airflow/dags
[2026-08-11T00:18:35.662+0000] {manager.py:741} INFO - There are 0 files in /opt/airflow/dags
[2026-08-11T00:23:36.437+0000] {manager.py:738} INFO - Searching for files in /opt/airflow/dags
[2026-08-11T00:23:36.467+0000] {manager.py:741} INFO - There are 0 files in /opt/airflow/dags
[2026-08-11T00:28:37.396+0000] {manager.py:738} INFO - Searching for files in /opt/airflow/dags
[2026-08-11T00:28:37.436+0000] {manager.py:741} INFO - There are 0 files in /opt/airflow/dags
[2026-08-11T00:33:37.871+0000] {manager.py:738} INFO - Searching for files in /opt/airflow/dags
[2026-08-11T00:33:37.915+0000] {manager.py:741} INFO - There are 0 files in /opt/airflow/dags
[2026-08-11T00:38:37.890+0000] {manager.py:738} INFO - Searching for files in /opt/airflow/dags
[2026-08-11T00:38:37.906+0000] {manager.py:741} INFO - There are 0 files in /opt/airflow/dags
[2026-08-11T00:43:37.927+0000] {manager.py:738} INFO - Searching for files in /opt/airflow/dags
[2026-08-11T00:43:37.934+0000] {manager.py:741} INFO - There are 0 files in /opt/airflow/dags
[2026-08-11T00:48:37.972+0000] {manager.py:738} INFO - Searching for files in /opt/airflow/dags
[2026-08-11T00:48:38.003+0000] {manager.py:741} INFO - There are 0 files in /opt/airflow/dags
[2026-08-11T00:53:38.695+0000] {manager.py:738} INFO - Searching for files in /opt/airflow/dags
[2026-08-11T00:53:38.710+0000] {manager.py:741} INFO - There are 0 files in /opt/airflow/dags
[2026-08-11T00:58:38.789+0000] {manager.py:738} INFO - Searching for files in /opt/airflow/dags
[2026-08-11T00:58:38.806+0000] {manager.py:741} INFO - There are 0 files in /opt/airflow/dags
[2026-08-11T14:03:53.481+0000] {manager.py:469} INFO - Processing files using up to 2 processes at a time 
[2026-08-11T14:03:53.482+0000] {manager.py:470} INFO - Process each file at most once every 30 seconds
[2026-08-11T14:03:53.484+0000] {manager.py:471} INFO - Checking for new files in /opt/airflow/dags every 300 seconds
[2026-08-11T14:03:53.485+0000] {manager.py:738} INFO - Searching for files in /opt/airflow/dags
[2026-08-11T14:03:53.496+0000] {manager.py:741} INFO - There are 0 files in /opt/airflow/dags
[2026-08-11T14:17:50.153+0000] {manager.py:738} INFO - Searching for files in /opt/airflow/dags
[2026-08-11T14:17:50.362+0000] {manager.py:741} INFO - There are 0 files in /opt/airflow/dags
[2026-08-11T14:22:50.804+0000] {manager.py:738} INFO - Searching for files in /opt/airflow/dags
[2026-08-11T14:22:50.823+0000] {manager.py:741} INFO - There are 0 files in /opt/airflow/dags
[2026-08-11T14:27:51.118+0000] {manager.py:738} INFO - Searching for files in /opt/airflow/dags
[2026-08-11T14:27:51.142+0000] {manager.py:741} INFO - There are 0 files in /opt/airflow/dags
[2026-08-11T14:32:52.008+0000] {manager.py:738} INFO - Searching for files in /opt/airflow/dags
[2026-08-11T14:32:52.044+0000] {manager.py:741} INFO - There are 0 files in /opt/airflow/dags
[2026-08-11T14:37:52.947+0000] {manager.py:738} INFO - Searching for files in /opt/airflow/dags
[2026-08-11T14:37:52.972+0000] {manager.py:741} INFO - There are 0 files in /opt/airflow/dags
[2026-08-11T14:42:52.951+0000] {manager.py:738} INFO - Searching for files in /opt/airflow/dags
[2026-08-11T14:42:52.958+0000] {manager.py:741} INFO - There are 0 files in /opt/airflow/dags
[2026-08-11T14:47:53.762+0000] {manager.py:738} INFO - Searching for files in /opt/airflow/dags
[2026-08-11T14:47:53.771+0000] {manager.py:741} INFO - There are 0 files in /opt/airflow/dags
[2026-08-11T14:52:54.434+0000] {manager.py:738} INFO - Searching for files in /opt/airflow/dags
[2026-08-11T14:52:54.442+0000] {manager.py:741} INFO - There are 0 files in /opt/airflow/dags
[2026-08-11T14:57:54.767+0000] {manager.py:738} INFO - Searching for files in /opt/airflow/dags
[2026-08-11T14:57:54.775+0000] {manager.py:741} INFO - There are 0 files in /opt/airflow/dags
[2026-08-11T15:02:54.992+0000] {manager.py:738} INFO - Searching for files in /opt/airflow/dags
[2026-08-11T15:02:55.002+0000] {manager.py:741} INFO - There are 0 files in /opt/airflow/dags
[2026-08-11T15:07:55.069+0000] {manager.py:738} INFO - Searching for files in /opt/airflow/dags
[2026-08-11T15:07:55.094+0000] {manager.py:741} INFO - There are 0 files in /opt/airflow/dags
[2026-08-11T15:12:55.364+0000] {manager.py:738} INFO - Searching for files in /opt/airflow/dags
[2026-08-11T15:12:55.394+0000] {manager.py:741} INFO - There are 0 files in /opt/airflow/dags
[2026-08-11T15:17:55.396+0000] {manager.py:738} INFO - Searching for files in /opt/airflow/dags
[2026-08-11T15:17:55.408+0000] {manager.py:741} INFO - There are 0 files in /opt/airflow/dags
[2026-08-11T15:22:55.725+0000] {manager.py:738} INFO - Searching for files in /opt/airflow/dags
[2026-08-11T15:22:55.733+0000] {manager.py:741} INFO - There are 0 files in /opt/airflow/dags
[2026-08-11T15:27:56.037+0000] {manager.py:738} INFO - Searching for files in /opt/airflow/dags
[2026-08-11T15:27:56.048+0000] {manager.py:741} INFO - There are 0 files in /opt/airflow/dags
[2026-08-11T15:32:56.232+0000] {manager.py:738} INFO - Searching for files in /opt/airflow/dags
[2026-08-11T15:32:56.240+0000] {manager.py:741} INFO - There are 0 files in /opt/airflow/dags
[2026-08-11T15:37:56.365+0000] {manager.py:738} INFO - Searching for files in /opt/airflow/dags
[2026-08-11T15:37:56.373+0000] {manager.py:741} INFO - There are 0 files in /opt/airflow/dags
[2026-08-11T15:42:57.014+0000] {manager.py:738} INFO - Searching for files in /opt/airflow/dags
[2026-08-11T15:42:57.044+0000] {manager.py:741} INFO - There are 0 files in /opt/airflow/dags
[2026-08-11T15:47:57.317+0000] {manager.py:738} INFO - Searching for files in /opt/airflow/dags
[2026-08-11T15:47:57.337+0000] {manager.py:741} INFO - There are 0 files in /opt/airflow/dags
[2026-08-11T15:52:57.726+0000] {manager.py:738} INFO - Searching for files in /opt/airflow/dags
[2026-08-11T15:52:57.732+0000] {manager.py:741} INFO - There are 0 files in /opt/airflow/dags
[2026-08-11T15:57:57.872+0000] {manager.py:738} INFO - Searching for files in /opt/airflow/dags
[2026-08-11T15:57:57.882+0000] {manager.py:741} INFO - There are 0 files in /opt/airflow/dags
[2026-08-11T16:02:58.418+0000] {manager.py:738} INFO - Searching for files in /opt/airflow/dags
[2026-08-11T16:02:58.425+0000] {manager.py:741} INFO - There are 0 files in /opt/airflow/dags
[2026-08-11T16:09:30.163+0000] {manager.py:738} INFO - Searching for files in /opt/airflow/dags
[2026-08-11T16:09:30.212+0000] {manager.py:741} INFO - There are 0 files in /opt/airflow/dags
[2026-08-11T16:38:16.023+0000] {manager.py:738} INFO - Searching for files in /opt/airflow/dags
[2026-08-11T16:38:16.134+0000] {manager.py:741} INFO - There are 0 files in /opt/airflow/dags
[2026-08-11T16:43:16.575+0000] {manager.py:738} INFO - Searching for files in /opt/airflow/dags
[2026-08-11T16:43:16.598+0000] {manager.py:741} INFO - There are 0 files in /opt/airflow/dags
[2026-08-27T23:39:35.145+0000] {manager.py:469} INFO - Processing files using up to 2 processes at a time 
[2026-08-27T23:39:35.148+0000] {manager.py:470} INFO - Process each file at most once every 30 seconds
[2026-08-27T23:39:35.149+0000] {manager.py:471} INFO - Checking for new files in /opt/airflow/dags every 300 seconds
[2026-08-27T23:39:35.150+0000] {manager.py:738} INFO - Searching for files in /opt/airflow/dags
[2026-08-27T23:39:35.208+0000] {manager.py:741} INFO - There are 1 files in /opt/airflow/dags
[2026-08-27T23:39:35.446+0000] {manager.py:879} INFO - 
================================================================================
DAG File Processing Stats

File Path                                  PID  Runtime      # DAGs    # Errors  Last Runtime    Last Run
---------------------------------------  -----  ---------  --------  ----------  --------------  ----------
/opt/airflow/dags/lakehouse_pipeline.py    163  0.11s             0           0
================================================================================
[2026-08-27T23:40:05.798+0000] {manager.py:879} INFO - 
================================================================================
DAG File Processing Stats

File Path                                  PID  Runtime      # DAGs    # Errors  Last Runtime    Last Run
---------------------------------------  -----  ---------  --------  ----------  --------------  -------------------
/opt/airflow/dags/lakehouse_pipeline.py    168  0.01s             1           0  0.39s           2026-08-27T23:39:35
================================================================================
[2026-08-27T23:40:36.216+0000] {manager.py:879} INFO - 
================================================================================
DAG File Processing Stats

File Path                                  PID  Runtime      # DAGs    # Errors  Last Runtime    Last Run
---------------------------------------  -----  ---------  --------  ----------  --------------  -------------------
/opt/airflow/dags/lakehouse_pipeline.py    173  0.00s             1           0  0.31s           2026-08-27T23:40:06
================================================================================
[2026-08-27T23:41:06.284+0000] {manager.py:879} INFO - 
================================================================================
DAG File Processing Stats

File Path                                PID    Runtime      # DAGs    # Errors  Last Runtime    Last Run
---------------------------------------  -----  ---------  --------  ----------  --------------  -------------------
/opt/airflow/dags/lakehouse_pipeline.py                           1           0  0.20s           2026-08-27T23:40:36
================================================================================
[2026-08-27T23:41:36.405+0000] {manager.py:879} INFO - 
================================================================================
DAG File Processing Stats

File Path                                PID    Runtime      # DAGs    # Errors  Last Runtime    Last Run
---------------------------------------  -----  ---------  --------  ----------  --------------  -------------------
/opt/airflow/dags/lakehouse_pipeline.py                           1           0  2.59s           2026-08-27T23:41:09
================================================================================
[2026-08-27T23:42:07.132+0000] {manager.py:879} INFO - 
================================================================================
DAG File Processing Stats

File Path                                PID    Runtime      # DAGs    # Errors  Last Runtime    Last Run
---------------------------------------  -----  ---------  --------  ----------  --------------  -------------------
/opt/airflow/dags/lakehouse_pipeline.py                           1           0  3.76s           2026-08-27T23:41:44
================================================================================
[2026-08-27T23:42:38.086+0000] {manager.py:879} INFO - 
================================================================================
DAG File Processing Stats

File Path                                PID    Runtime      # DAGs    # Errors  Last Runtime    Last Run
---------------------------------------  -----  ---------  --------  ----------  --------------  -------------------
/opt/airflow/dags/lakehouse_pipeline.py                           1           0  0.46s           2026-08-27T23:42:15
================================================================================
[2026-08-27T23:43:08.279+0000] {manager.py:879} INFO - 
================================================================================
DAG File Processing Stats

File Path                                PID    Runtime      # DAGs    # Errors  Last Runtime    Last Run
---------------------------------------  -----  ---------  --------  ----------  --------------  -------------------
/opt/airflow/dags/lakehouse_pipeline.py                           1           0  2.01s           2026-08-27T23:42:48
================================================================================
[2026-08-27T23:43:38.296+0000] {manager.py:879} INFO - 
================================================================================
DAG File Processing Stats

File Path                                PID    Runtime      # DAGs    # Errors  Last Runtime    Last Run
---------------------------------------  -----  ---------  --------  ----------  --------------  -------------------
/opt/airflow/dags/lakehouse_pipeline.py                           1           0  0.18s           2026-08-27T23:43:19
================================================================================
[2026-08-27T23:44:08.698+0000] {manager.py:879} INFO - 
================================================================================
DAG File Processing Stats

File Path                                PID    Runtime      # DAGs    # Errors  Last Runtime    Last Run
---------------------------------------  -----  ---------  --------  ----------  --------------  -------------------
/opt/airflow/dags/lakehouse_pipeline.py                           1           0  0.57s           2026-08-27T23:43:49
================================================================================
[2026-08-27T23:44:35.353+0000] {manager.py:738} INFO - Searching for files in /opt/airflow/dags
[2026-08-27T23:44:35.372+0000] {manager.py:741} INFO - There are 1 files in /opt/airflow/dags
[2026-08-27T23:44:39.422+0000] {manager.py:879} INFO - 
================================================================================
DAG File Processing Stats

File Path                                PID    Runtime      # DAGs    # Errors  Last Runtime    Last Run
---------------------------------------  -----  ---------  --------  ----------  --------------  -------------------
/opt/airflow/dags/lakehouse_pipeline.py                           1           0  0.21s           2026-08-27T23:44:20
================================================================================
[2026-08-27T23:45:09.813+0000] {manager.py:879} INFO - 
================================================================================
DAG File Processing Stats

File Path                                PID    Runtime      # DAGs    # Errors  Last Runtime    Last Run
---------------------------------------  -----  ---------  --------  ----------  --------------  -------------------
/opt/airflow/dags/lakehouse_pipeline.py                           1           0  2.70s           2026-08-27T23:44:53
================================================================================
[2026-08-27T23:45:40.250+0000] {manager.py:879} INFO - 
================================================================================
DAG File Processing Stats

File Path                                PID    Runtime      # DAGs    # Errors  Last Runtime    Last Run
---------------------------------------  -----  ---------  --------  ----------  --------------  -------------------
/opt/airflow/dags/lakehouse_pipeline.py                           1           0  0.98s           2026-08-27T23:45:24
================================================================================
[2026-08-27T23:46:10.959+0000] {manager.py:879} INFO - 
================================================================================
DAG File Processing Stats

File Path                                PID    Runtime      # DAGs    # Errors  Last Runtime    Last Run
---------------------------------------  -----  ---------  --------  ----------  --------------  -------------------
/opt/airflow/dags/lakehouse_pipeline.py                           1           0  0.20s           2026-08-27T23:45:55
================================================================================
[2026-08-27T23:46:41.441+0000] {manager.py:879} INFO - 
================================================================================
DAG File Processing Stats

File Path                                PID    Runtime      # DAGs    # Errors  Last Runtime    Last Run
---------------------------------------  -----  ---------  --------  ----------  --------------  -------------------
/opt/airflow/dags/lakehouse_pipeline.py                           1           0  0.27s           2026-08-27T23:46:25
================================================================================
[2026-08-27T23:47:11.905+0000] {manager.py:879} INFO - 
================================================================================
DAG File Processing Stats

File Path                                PID    Runtime      # DAGs    # Errors  Last Runtime    Last Run
---------------------------------------  -----  ---------  --------  ----------  --------------  -------------------
/opt/airflow/dags/lakehouse_pipeline.py                           1           0  1.60s           2026-08-27T23:46:57
================================================================================
[2026-08-27T23:47:42.164+0000] {manager.py:879} INFO - 
================================================================================
DAG File Processing Stats

File Path                                PID    Runtime      # DAGs    # Errors  Last Runtime    Last Run
---------------------------------------  -----  ---------  --------  ----------  --------------  -------------------
/opt/airflow/dags/lakehouse_pipeline.py                           1           0  0.22s           2026-08-27T23:47:28
================================================================================
[2026-08-27T23:48:12.661+0000] {manager.py:879} INFO - 
================================================================================
DAG File Processing Stats

File Path                                PID    Runtime      # DAGs    # Errors  Last Runtime    Last Run
---------------------------------------  -----  ---------  --------  ----------  --------------  -------------------
/opt/airflow/dags/lakehouse_pipeline.py                           1           0  0.19s           2026-08-27T23:47:58
================================================================================
[2026-08-27T23:48:43.161+0000] {manager.py:879} INFO - 
================================================================================
DAG File Processing Stats

File Path                                PID    Runtime      # DAGs    # Errors  Last Runtime    Last Run
---------------------------------------  -----  ---------  --------  ----------  --------------  -------------------
/opt/airflow/dags/lakehouse_pipeline.py                           1           0  1.15s           2026-08-27T23:48:29
================================================================================
[2026-08-27T23:49:13.481+0000] {manager.py:879} INFO - 
================================================================================
DAG File Processing Stats

File Path                                PID    Runtime      # DAGs    # Errors  Last Runtime    Last Run
---------------------------------------  -----  ---------  --------  ----------  --------------  -------------------
/opt/airflow/dags/lakehouse_pipeline.py                           1           0  0.55s           2026-08-27T23:49:01
================================================================================
[2026-08-27T23:49:35.756+0000] {manager.py:738} INFO - Searching for files in /opt/airflow/dags
[2026-08-27T23:49:36.606+0000] {manager.py:741} INFO - There are 1 files in /opt/airflow/dags
[2026-08-27T23:49:44.156+0000] {manager.py:879} INFO - 
================================================================================
DAG File Processing Stats

File Path                                PID    Runtime      # DAGs    # Errors  Last Runtime    Last Run
---------------------------------------  -----  ---------  --------  ----------  --------------  -------------------
/opt/airflow/dags/lakehouse_pipeline.py                           1           0  2.84s           2026-08-27T23:49:34
================================================================================
[2026-08-27T23:50:14.639+0000] {manager.py:879} INFO - 
================================================================================
DAG File Processing Stats

File Path                                PID    Runtime      # DAGs    # Errors  Last Runtime    Last Run
---------------------------------------  -----  ---------  --------  ----------  --------------  -------------------
/opt/airflow/dags/lakehouse_pipeline.py                           1           0  0.25s           2026-08-27T23:50:05
================================================================================
[2026-08-27T23:50:45.259+0000] {manager.py:879} INFO - 
================================================================================
DAG File Processing Stats

File Path                                PID    Runtime      # DAGs    # Errors  Last Runtime    Last Run
---------------------------------------  -----  ---------  --------  ----------  --------------  -------------------
/opt/airflow/dags/lakehouse_pipeline.py                           1           0  0.98s           2026-08-27T23:50:37
================================================================================
[2026-08-27T23:51:15.614+0000] {manager.py:879} INFO - 
================================================================================
DAG File Processing Stats

File Path                                PID    Runtime      # DAGs    # Errors  Last Runtime    Last Run
---------------------------------------  -----  ---------  --------  ----------  --------------  -------------------
/opt/airflow/dags/lakehouse_pipeline.py                           1           0  0.27s           2026-08-27T23:51:07
================================================================================
[2026-08-27T23:51:45.927+0000] {manager.py:879} INFO - 
================================================================================
DAG File Processing Stats

File Path                                PID    Runtime      # DAGs    # Errors  Last Runtime    Last Run
---------------------------------------  -----  ---------  --------  ----------  --------------  -------------------
/opt/airflow/dags/lakehouse_pipeline.py                           1           0  1.73s           2026-08-27T23:51:39
================================================================================
[2026-08-27T23:52:16.375+0000] {manager.py:879} INFO - 
================================================================================
DAG File Processing Stats

File Path                                PID    Runtime      # DAGs    # Errors  Last Runtime    Last Run
---------------------------------------  -----  ---------  --------  ----------  --------------  -------------------
/opt/airflow/dags/lakehouse_pipeline.py                           1           0  0.26s           2026-08-27T23:52:10
================================================================================
[2026-08-27T23:52:46.429+0000] {manager.py:879} INFO - 
================================================================================
DAG File Processing Stats

File Path                                PID    Runtime      # DAGs    # Errors  Last Runtime    Last Run
---------------------------------------  -----  ---------  --------  ----------  --------------  -------------------
/opt/airflow/dags/lakehouse_pipeline.py                           1           0  0.75s           2026-08-27T23:52:41
================================================================================
[2026-08-27T23:53:16.912+0000] {manager.py:879} INFO - 
================================================================================
DAG File Processing Stats

File Path                                PID    Runtime      # DAGs    # Errors  Last Runtime    Last Run
---------------------------------------  -----  ---------  --------  ----------  --------------  -------------------
/opt/airflow/dags/lakehouse_pipeline.py                           1           0  1.72s           2026-08-27T23:53:13
================================================================================
[2026-08-27T23:53:47.500+0000] {manager.py:879} INFO - 
================================================================================
DAG File Processing Stats

File Path                                PID    Runtime      # DAGs    # Errors  Last Runtime    Last Run
---------------------------------------  -----  ---------  --------  ----------  --------------  -------------------
/opt/airflow/dags/lakehouse_pipeline.py                           1           0  0.27s           2026-08-27T23:53:44
================================================================================
[2026-08-27T23:54:17.892+0000] {manager.py:879} INFO - 
================================================================================
DAG File Processing Stats

File Path                                PID    Runtime      # DAGs    # Errors  Last Runtime    Last Run
---------------------------------------  -----  ---------  --------  ----------  --------------  -------------------
/opt/airflow/dags/lakehouse_pipeline.py                           1           0  0.41s           2026-08-27T23:54:15
================================================================================
[2026-08-27T23:54:36.133+0000] {manager.py:738} INFO - Searching for files in /opt/airflow/dags
[2026-08-27T23:54:36.231+0000] {manager.py:741} INFO - There are 1 files in /opt/airflow/dags
[2026-08-27T23:54:48.050+0000] {manager.py:879} INFO - 
================================================================================
DAG File Processing Stats

File Path                                  PID  Runtime      # DAGs    # Errors  Last Runtime    Last Run
---------------------------------------  -----  ---------  --------  ----------  --------------  -------------------
/opt/airflow/dags/lakehouse_pipeline.py    308  2.35s             1           0  0.41s           2026-08-27T23:54:15
================================================================================
[2026-08-27T23:55:18.664+0000] {manager.py:879} INFO - 
================================================================================
DAG File Processing Stats

File Path                                PID    Runtime      # DAGs    # Errors  Last Runtime    Last Run
---------------------------------------  -----  ---------  --------  ----------  --------------  -------------------
/opt/airflow/dags/lakehouse_pipeline.py                           1           0  5.48s           2026-08-27T23:54:51
================================================================================
[2026-08-27T23:55:48.830+0000] {manager.py:879} INFO - 
================================================================================
DAG File Processing Stats

File Path                                PID    Runtime      # DAGs    # Errors  Last Runtime    Last Run
---------------------------------------  -----  ---------  --------  ----------  --------------  -------------------
/opt/airflow/dags/lakehouse_pipeline.py                           1           0  7.22s           2026-08-27T23:55:28
================================================================================
[2026-08-27T23:56:18.997+0000] {manager.py:879} INFO - 
================================================================================
DAG File Processing Stats

File Path                                PID    Runtime      # DAGs    # Errors  Last Runtime    Last Run
---------------------------------------  -----  ---------  --------  ----------  --------------  -------------------
/opt/airflow/dags/lakehouse_pipeline.py                           1           0  13.33s          2026-08-27T23:56:13
================================================================================
[2026-08-27T23:56:49.527+0000] {manager.py:879} INFO - 
================================================================================
DAG File Processing Stats

File Path                                PID    Runtime      # DAGs    # Errors  Last Runtime    Last Run
---------------------------------------  -----  ---------  --------  ----------  --------------  -------------------
/opt/airflow/dags/lakehouse_pipeline.py                           1           0  0.28s           2026-08-27T23:56:43
================================================================================
[2026-08-27T23:57:20.164+0000] {manager.py:879} INFO - 
================================================================================
DAG File Processing Stats

File Path                                PID    Runtime      # DAGs    # Errors  Last Runtime    Last Run
---------------------------------------  -----  ---------  --------  ----------  --------------  -------------------
/opt/airflow/dags/lakehouse_pipeline.py                           1           0  4.80s           2026-08-27T23:57:19
================================================================================
[2026-08-27T23:57:50.565+0000] {manager.py:879} INFO - 
================================================================================
DAG File Processing Stats

File Path                                PID    Runtime      # DAGs    # Errors  Last Runtime    Last Run
---------------------------------------  -----  ---------  --------  ----------  --------------  -------------------
/opt/airflow/dags/lakehouse_pipeline.py                           1           0  0.31s           2026-08-27T23:57:49
================================================================================
[2026-08-27T23:58:21.090+0000] {manager.py:879} INFO - 
================================================================================
DAG File Processing Stats

File Path                                  PID  Runtime      # DAGs    # Errors  Last Runtime    Last Run
---------------------------------------  -----  ---------  --------  ----------  --------------  -------------------
/opt/airflow/dags/lakehouse_pipeline.py    338  1.13s             1           0  0.31s           2026-08-27T23:57:49
================================================================================
[2026-08-27T23:58:51.171+0000] {manager.py:879} INFO - 
================================================================================
DAG File Processing Stats

File Path                                PID    Runtime      # DAGs    # Errors  Last Runtime    Last Run
---------------------------------------  -----  ---------  --------  ----------  --------------  -------------------
/opt/airflow/dags/lakehouse_pipeline.py                           1           0  3.64s           2026-08-27T23:58:23
================================================================================
[2026-08-27T23:59:21.354+0000] {manager.py:879} INFO - 
================================================================================
DAG File Processing Stats

File Path                                PID    Runtime      # DAGs    # Errors  Last Runtime    Last Run
---------------------------------------  -----  ---------  --------  ----------  --------------  -------------------
/opt/airflow/dags/lakehouse_pipeline.py                           1           0  2.54s           2026-08-27T23:58:56
================================================================================
[2026-08-27T23:59:36.463+0000] {manager.py:738} INFO - Searching for files in /opt/airflow/dags
[2026-08-27T23:59:36.486+0000] {manager.py:741} INFO - There are 1 files in /opt/airflow/dags
[2026-08-27T23:59:51.463+0000] {manager.py:879} INFO - 
================================================================================
DAG File Processing Stats

File Path                                PID    Runtime      # DAGs    # Errors  Last Runtime    Last Run
---------------------------------------  -----  ---------  --------  ----------  --------------  -------------------
/opt/airflow/dags/lakehouse_pipeline.py                           1           0  0.36s           2026-08-27T23:59:26
================================================================================
[2026-08-28T00:00:21.524+0000] {manager.py:879} INFO - 
================================================================================
DAG File Processing Stats

File Path                                PID    Runtime      # DAGs    # Errors  Last Runtime    Last Run
---------------------------------------  -----  ---------  --------  ----------  --------------  -------------------
/opt/airflow/dags/lakehouse_pipeline.py                           1           0  0.97s           2026-08-27T23:59:57
================================================================================
[2026-08-28T00:00:51.800+0000] {manager.py:879} INFO - 
================================================================================
DAG File Processing Stats

File Path                                PID    Runtime      # DAGs    # Errors  Last Runtime    Last Run
---------------------------------------  -----  ---------  --------  ----------  --------------  -------------------
/opt/airflow/dags/lakehouse_pipeline.py                           1           0  0.21s           2026-08-28T00:00:28
================================================================================
[2026-08-28T00:01:22.167+0000] {manager.py:879} INFO - 
================================================================================
DAG File Processing Stats

File Path                                PID    Runtime      # DAGs    # Errors  Last Runtime    Last Run
---------------------------------------  -----  ---------  --------  ----------  --------------  -------------------
/opt/airflow/dags/lakehouse_pipeline.py                           1           0  0.21s           2026-08-28T00:00:59
================================================================================
[2026-08-28T00:01:52.178+0000] {manager.py:879} INFO - 
================================================================================
DAG File Processing Stats

File Path                                PID    Runtime      # DAGs    # Errors  Last Runtime    Last Run
---------------------------------------  -----  ---------  --------  ----------  --------------  -------------------
/opt/airflow/dags/lakehouse_pipeline.py                           1           0  0.81s           2026-08-28T00:01:30
================================================================================
[2026-08-28T00:02:22.267+0000] {manager.py:879} INFO - 
================================================================================
DAG File Processing Stats

File Path                                PID    Runtime      # DAGs    # Errors  Last Runtime    Last Run
---------------------------------------  -----  ---------  --------  ----------  --------------  -------------------
/opt/airflow/dags/lakehouse_pipeline.py                           1           0  0.24s           2026-08-28T00:02:01
================================================================================
[2026-08-28T00:02:52.534+0000] {manager.py:879} INFO - 
================================================================================
DAG File Processing Stats

File Path                                PID    Runtime      # DAGs    # Errors  Last Runtime    Last Run
---------------------------------------  -----  ---------  --------  ----------  --------------  -------------------
/opt/airflow/dags/lakehouse_pipeline.py                           1           0  0.17s           2026-08-28T00:02:31
================================================================================
[2026-08-28T00:03:22.871+0000] {manager.py:879} INFO - 
================================================================================
DAG File Processing Stats

File Path                                PID    Runtime      # DAGs    # Errors  Last Runtime    Last Run
---------------------------------------  -----  ---------  --------  ----------  --------------  -------------------
/opt/airflow/dags/lakehouse_pipeline.py                           1           0  0.31s           2026-08-28T00:03:01
================================================================================
[2026-08-28T00:03:53.190+0000] {manager.py:879} INFO - 
================================================================================
DAG File Processing Stats

File Path                                PID    Runtime      # DAGs    # Errors  Last Runtime    Last Run
---------------------------------------  -----  ---------  --------  ----------  --------------  -------------------
/opt/airflow/dags/lakehouse_pipeline.py                           1           0  3.00s           2026-08-28T00:03:35
================================================================================
[2026-08-28T00:04:23.843+0000] {manager.py:879} INFO - 
================================================================================
DAG File Processing Stats

File Path                                PID    Runtime      # DAGs    # Errors  Last Runtime    Last Run
---------------------------------------  -----  ---------  --------  ----------  --------------  -------------------
/opt/airflow/dags/lakehouse_pipeline.py                           1           0  0.31s           2026-08-28T00:04:05
================================================================================
[2026-08-28T00:04:36.764+0000] {manager.py:738} INFO - Searching for files in /opt/airflow/dags
[2026-08-28T00:04:36.832+0000] {manager.py:741} INFO - There are 1 files in /opt/airflow/dags
[2026-08-28T00:04:53.845+0000] {manager.py:879} INFO - 
================================================================================
DAG File Processing Stats

File Path                                PID    Runtime      # DAGs    # Errors  Last Runtime    Last Run
---------------------------------------  -----  ---------  --------  ----------  --------------  -------------------
/opt/airflow/dags/lakehouse_pipeline.py                           1           0  0.56s           2026-08-28T00:04:36
================================================================================
[2026-08-28T00:05:24.095+0000] {manager.py:879} INFO - 
================================================================================
DAG File Processing Stats

File Path                                PID    Runtime      # DAGs    # Errors  Last Runtime    Last Run
---------------------------------------  -----  ---------  --------  ----------  --------------  -------------------
/opt/airflow/dags/lakehouse_pipeline.py                           1           0  0.28s           2026-08-28T00:05:07
================================================================================
[2026-08-28T00:05:54.594+0000] {manager.py:879} INFO - 
================================================================================
DAG File Processing Stats

File Path                                PID    Runtime      # DAGs    # Errors  Last Runtime    Last Run
---------------------------------------  -----  ---------  --------  ----------  --------------  -------------------
/opt/airflow/dags/lakehouse_pipeline.py                           1           0  0.42s           2026-08-28T00:05:37
================================================================================
[2026-08-28T00:06:24.944+0000] {manager.py:879} INFO - 
================================================================================
DAG File Processing Stats

File Path                                PID    Runtime      # DAGs    # Errors  Last Runtime    Last Run
---------------------------------------  -----  ---------  --------  ----------  --------------  -------------------
/opt/airflow/dags/lakehouse_pipeline.py                           1           0  0.64s           2026-08-28T00:06:08
================================================================================
[2026-08-28T00:06:55.465+0000] {manager.py:879} INFO - 
================================================================================
DAG File Processing Stats

File Path                                PID    Runtime      # DAGs    # Errors  Last Runtime    Last Run
---------------------------------------  -----  ---------  --------  ----------  --------------  -------------------
/opt/airflow/dags/lakehouse_pipeline.py                           1           0  0.21s           2026-08-28T00:06:39
================================================================================
[2026-08-28T00:07:25.805+0000] {manager.py:879} INFO - 
================================================================================
DAG File Processing Stats

File Path                                PID    Runtime      # DAGs    # Errors  Last Runtime    Last Run
---------------------------------------  -----  ---------  --------  ----------  --------------  -------------------
/opt/airflow/dags/lakehouse_pipeline.py                           1           0  0.27s           2026-08-28T00:07:09
================================================================================
[2026-08-28T00:07:56.336+0000] {manager.py:879} INFO - 
================================================================================
DAG File Processing Stats

File Path                                PID    Runtime      # DAGs    # Errors  Last Runtime    Last Run
---------------------------------------  -----  ---------  --------  ----------  --------------  -------------------
/opt/airflow/dags/lakehouse_pipeline.py                           1           0  1.72s           2026-08-28T00:07:41
================================================================================
[2026-08-28T00:08:26.693+0000] {manager.py:879} INFO - 
================================================================================
DAG File Processing Stats

File Path                                PID    Runtime      # DAGs    # Errors  Last Runtime    Last Run
---------------------------------------  -----  ---------  --------  ----------  --------------  -------------------
/opt/airflow/dags/lakehouse_pipeline.py                           1           0  0.22s           2026-08-28T00:08:12
================================================================================
[2026-08-28T00:08:57.099+0000] {manager.py:879} INFO - 
================================================================================
DAG File Processing Stats

File Path                                PID    Runtime      # DAGs    # Errors  Last Runtime    Last Run
---------------------------------------  -----  ---------  --------  ----------  --------------  -------------------
/opt/airflow/dags/lakehouse_pipeline.py                           1           0  0.26s           2026-08-28T00:08:43
================================================================================
[2026-08-28T00:09:27.347+0000] {manager.py:879} INFO - 
================================================================================
DAG File Processing Stats

File Path                                PID    Runtime      # DAGs    # Errors  Last Runtime    Last Run
---------------------------------------  -----  ---------  --------  ----------  --------------  -------------------
/opt/airflow/dags/lakehouse_pipeline.py                           1           0  0.69s           2026-08-28T00:09:13
================================================================================
[2026-08-28T00:09:37.412+0000] {manager.py:738} INFO - Searching for files in /opt/airflow/dags
[2026-08-28T00:09:37.523+0000] {manager.py:741} INFO - There are 1 files in /opt/airflow/dags
[2026-08-28T00:09:58.059+0000] {manager.py:879} INFO - 
================================================================================
DAG File Processing Stats

File Path                                PID    Runtime      # DAGs    # Errors  Last Runtime    Last Run
---------------------------------------  -----  ---------  --------  ----------  --------------  -------------------
/opt/airflow/dags/lakehouse_pipeline.py                           1           0  0.28s           2026-08-28T00:09:45
================================================================================
[2026-08-28T00:10:28.423+0000] {manager.py:879} INFO - 
================================================================================
DAG File Processing Stats

File Path                                PID    Runtime      # DAGs    # Errors  Last Runtime    Last Run
---------------------------------------  -----  ---------  --------  ----------  --------------  -------------------
/opt/airflow/dags/lakehouse_pipeline.py                           1           0  0.21s           2026-08-28T00:10:15
================================================================================
[2026-08-28T00:10:58.514+0000] {manager.py:879} INFO - 
================================================================================
DAG File Processing Stats

File Path                                PID    Runtime      # DAGs    # Errors  Last Runtime    Last Run
---------------------------------------  -----  ---------  --------  ----------  --------------  -------------------
/opt/airflow/dags/lakehouse_pipeline.py                           1           0  1.31s           2026-08-28T00:10:46
================================================================================
[2026-08-28T00:11:29.146+0000] {manager.py:879} INFO - 
================================================================================
DAG File Processing Stats

File Path                                PID    Runtime      # DAGs    # Errors  Last Runtime    Last Run
---------------------------------------  -----  ---------  --------  ----------  --------------  -------------------
/opt/airflow/dags/lakehouse_pipeline.py                           1           0  0.25s           2026-08-28T00:11:17
================================================================================
[2026-08-28T00:11:59.698+0000] {manager.py:879} INFO - 
================================================================================
DAG File Processing Stats

File Path                                PID    Runtime      # DAGs    # Errors  Last Runtime    Last Run
---------------------------------------  -----  ---------  --------  ----------  --------------  -------------------
/opt/airflow/dags/lakehouse_pipeline.py                           1           0  0.40s           2026-08-28T00:11:47
================================================================================
[2026-08-28T00:12:30.152+0000] {manager.py:879} INFO - 
================================================================================
DAG File Processing Stats

File Path                                PID    Runtime      # DAGs    # Errors  Last Runtime    Last Run
---------------------------------------  -----  ---------  --------  ----------  --------------  -------------------
/opt/airflow/dags/lakehouse_pipeline.py                           1           0  0.26s           2026-08-28T00:12:18
================================================================================
[2026-08-28T00:13:00.528+0000] {manager.py:879} INFO - 
================================================================================
DAG File Processing Stats

File Path                                PID    Runtime      # DAGs    # Errors  Last Runtime    Last Run
---------------------------------------  -----  ---------  --------  ----------  --------------  -------------------
/opt/airflow/dags/lakehouse_pipeline.py                           1           0  0.26s           2026-08-28T00:12:48
================================================================================
[2026-08-28T00:13:30.922+0000] {manager.py:879} INFO - 
================================================================================
DAG File Processing Stats

File Path                                PID    Runtime      # DAGs    # Errors  Last Runtime    Last Run
---------------------------------------  -----  ---------  --------  ----------  --------------  -------------------
/opt/airflow/dags/lakehouse_pipeline.py                           1           0  0.19s           2026-08-28T00:13:18
================================================================================
[2026-08-28T00:14:01.231+0000] {manager.py:879} INFO - 
================================================================================
DAG File Processing Stats

File Path                                PID    Runtime      # DAGs    # Errors  Last Runtime    Last Run
---------------------------------------  -----  ---------  --------  ----------  --------------  -------------------
/opt/airflow/dags/lakehouse_pipeline.py                           1           0  0.30s           2026-08-28T00:13:49
================================================================================
[2026-08-28T00:14:31.348+0000] {manager.py:879} INFO - 
================================================================================
DAG File Processing Stats

File Path                                PID    Runtime      # DAGs    # Errors  Last Runtime    Last Run
---------------------------------------  -----  ---------  --------  ----------  --------------  -------------------
/opt/airflow/dags/lakehouse_pipeline.py                           1           0  1.06s           2026-08-28T00:14:20
================================================================================
[2026-08-28T00:14:37.607+0000] {manager.py:738} INFO - Searching for files in /opt/airflow/dags
[2026-08-28T00:14:37.647+0000] {manager.py:741} INFO - There are 1 files in /opt/airflow/dags
[2026-08-28T00:15:02.403+0000] {manager.py:879} INFO - 
================================================================================
DAG File Processing Stats

File Path                                  PID  Runtime      # DAGs    # Errors  Last Runtime    Last Run
---------------------------------------  -----  ---------  --------  ----------  --------------  -------------------
/opt/airflow/dags/lakehouse_pipeline.py    498  11.33s            1           0  1.06s           2026-08-28T00:14:20
================================================================================
[2026-08-28T00:15:32.494+0000] {manager.py:879} INFO - 
================================================================================
DAG File Processing Stats

File Path                                PID    Runtime      # DAGs    # Errors  Last Runtime    Last Run
---------------------------------------  -----  ---------  --------  ----------  --------------  -------------------
/opt/airflow/dags/lakehouse_pipeline.py                           1           0  17.12s          2026-08-28T00:15:08
================================================================================
[2026-08-28T00:16:02.610+0000] {manager.py:879} INFO - 
================================================================================
DAG File Processing Stats

File Path                                PID    Runtime      # DAGs    # Errors  Last Runtime    Last Run
---------------------------------------  -----  ---------  --------  ----------  --------------  -------------------
/opt/airflow/dags/lakehouse_pipeline.py                           1           0  2.37s           2026-08-28T00:15:41
================================================================================
[2026-08-28T00:16:33.081+0000] {manager.py:879} INFO - 
================================================================================
DAG File Processing Stats

File Path                                PID    Runtime      # DAGs    # Errors  Last Runtime    Last Run
---------------------------------------  -----  ---------  --------  ----------  --------------  -------------------
/opt/airflow/dags/lakehouse_pipeline.py                           1           0  0.83s           2026-08-28T00:16:12
================================================================================
[2026-08-28T00:17:03.197+0000] {manager.py:879} INFO - 
================================================================================
DAG File Processing Stats

File Path                                PID    Runtime      # DAGs    # Errors  Last Runtime    Last Run
---------------------------------------  -----  ---------  --------  ----------  --------------  -------------------
/opt/airflow/dags/lakehouse_pipeline.py                           1           0  1.69s           2026-08-28T00:16:44
================================================================================
[2026-08-28T00:17:33.563+0000] {manager.py:879} INFO - 
================================================================================
DAG File Processing Stats

File Path                                PID    Runtime      # DAGs    # Errors  Last Runtime    Last Run
---------------------------------------  -----  ---------  --------  ----------  --------------  -------------------
/opt/airflow/dags/lakehouse_pipeline.py                           1           0  0.56s           2026-08-28T00:17:15
================================================================================
[2026-08-28T00:18:03.765+0000] {manager.py:879} INFO - 
================================================================================
DAG File Processing Stats

File Path                                PID    Runtime      # DAGs    # Errors  Last Runtime    Last Run
---------------------------------------  -----  ---------  --------  ----------  --------------  -------------------
/opt/airflow/dags/lakehouse_pipeline.py                           1           0  0.58s           2026-08-28T00:17:46
================================================================================
[2026-08-28T00:18:34.026+0000] {manager.py:879} INFO - 
================================================================================
DAG File Processing Stats

File Path                                PID    Runtime      # DAGs    # Errors  Last Runtime    Last Run
---------------------------------------  -----  ---------  --------  ----------  --------------  -------------------
/opt/airflow/dags/lakehouse_pipeline.py                           1           0  0.22s           2026-08-28T00:18:17
================================================================================
[2026-08-28T00:19:04.514+0000] {manager.py:879} INFO - 
================================================================================
DAG File Processing Stats

File Path                                PID    Runtime      # DAGs    # Errors  Last Runtime    Last Run
---------------------------------------  -----  ---------  --------  ----------  --------------  -------------------
/opt/airflow/dags/lakehouse_pipeline.py                           1           0  0.17s           2026-08-28T00:18:47
================================================================================
[2026-08-28T00:19:34.778+0000] {manager.py:879} INFO - 
================================================================================
DAG File Processing Stats

File Path                                PID    Runtime      # DAGs    # Errors  Last Runtime    Last Run
---------------------------------------  -----  ---------  --------  ----------  --------------  -------------------
/opt/airflow/dags/lakehouse_pipeline.py                           1           0  0.19s           2026-08-28T00:19:17
================================================================================
[2026-08-28T00:19:37.801+0000] {manager.py:738} INFO - Searching for files in /opt/airflow/dags
[2026-08-28T00:19:37.845+0000] {manager.py:741} INFO - There are 1 files in /opt/airflow/dags
[2026-08-28T00:20:05.229+0000] {manager.py:879} INFO - 
================================================================================
DAG File Processing Stats

File Path                                PID    Runtime      # DAGs    # Errors  Last Runtime    Last Run
---------------------------------------  -----  ---------  --------  ----------  --------------  -------------------
/opt/airflow/dags/lakehouse_pipeline.py                           1           0  0.43s           2026-08-28T00:19:48
================================================================================
[2026-08-28T00:20:35.766+0000] {manager.py:879} INFO - 
================================================================================
DAG File Processing Stats

File Path                                PID    Runtime      # DAGs    # Errors  Last Runtime    Last Run
---------------------------------------  -----  ---------  --------  ----------  --------------  -------------------
/opt/airflow/dags/lakehouse_pipeline.py                           1           0  0.18s           2026-08-28T00:20:18
================================================================================
[2026-08-28T00:21:06.130+0000] {manager.py:879} INFO - 
================================================================================
DAG File Processing Stats

File Path                                PID    Runtime      # DAGs    # Errors  Last Runtime    Last Run
---------------------------------------  -----  ---------  --------  ----------  --------------  -------------------
/opt/airflow/dags/lakehouse_pipeline.py                           1           0  0.18s           2026-08-28T00:20:49
================================================================================
[2026-08-28T00:21:36.412+0000] {manager.py:879} INFO - 
================================================================================
DAG File Processing Stats

File Path                                PID    Runtime      # DAGs    # Errors  Last Runtime    Last Run
---------------------------------------  -----  ---------  --------  ----------  --------------  -------------------
/opt/airflow/dags/lakehouse_pipeline.py                           1           0  0.77s           2026-08-28T00:21:20
================================================================================
[2026-08-28T00:22:06.874+0000] {manager.py:879} INFO - 
================================================================================
DAG File Processing Stats

File Path                                PID    Runtime      # DAGs    # Errors  Last Runtime    Last Run
---------------------------------------  -----  ---------  --------  ----------  --------------  -------------------
/opt/airflow/dags/lakehouse_pipeline.py                           1           0  0.44s           2026-08-28T00:21:50
================================================================================
[2026-08-28T00:22:37.394+0000] {manager.py:879} INFO - 
================================================================================
DAG File Processing Stats

File Path                                PID    Runtime      # DAGs    # Errors  Last Runtime    Last Run
---------------------------------------  -----  ---------  --------  ----------  --------------  -------------------
/opt/airflow/dags/lakehouse_pipeline.py                           1           0  0.17s           2026-08-28T00:22:21
================================================================================
[2026-08-28T00:23:08.025+0000] {manager.py:879} INFO - 
================================================================================
DAG File Processing Stats

File Path                                PID    Runtime      # DAGs    # Errors  Last Runtime    Last Run
---------------------------------------  -----  ---------  --------  ----------  --------------  -------------------
/opt/airflow/dags/lakehouse_pipeline.py                           1           0  0.37s           2026-08-28T00:22:51
================================================================================
[2026-08-28T00:23:38.121+0000] {manager.py:879} INFO - 
================================================================================
DAG File Processing Stats

File Path                                PID    Runtime      # DAGs    # Errors  Last Runtime    Last Run
---------------------------------------  -----  ---------  --------  ----------  --------------  -------------------
/opt/airflow/dags/lakehouse_pipeline.py                           1           0  1.17s           2026-08-28T00:23:23
================================================================================
[2026-08-28T00:24:08.677+0000] {manager.py:879} INFO - 
================================================================================
DAG File Processing Stats

File Path                                PID    Runtime      # DAGs    # Errors  Last Runtime    Last Run
---------------------------------------  -----  ---------  --------  ----------  --------------  -------------------
/opt/airflow/dags/lakehouse_pipeline.py                           1           0  0.37s           2026-08-28T00:23:54
================================================================================
[2026-08-28T00:24:38.305+0000] {manager.py:738} INFO - Searching for files in /opt/airflow/dags
[2026-08-28T00:24:38.999+0000] {manager.py:741} INFO - There are 1 files in /opt/airflow/dags
[2026-08-28T00:24:39.267+0000] {manager.py:879} INFO - 
================================================================================
DAG File Processing Stats

File Path                                PID    Runtime      # DAGs    # Errors  Last Runtime    Last Run
---------------------------------------  -----  ---------  --------  ----------  --------------  -------------------
/opt/airflow/dags/lakehouse_pipeline.py                           1           0  1.22s           2026-08-28T00:24:26
================================================================================
[2026-08-28T00:25:09.849+0000] {manager.py:879} INFO - 
================================================================================
DAG File Processing Stats

File Path                                PID    Runtime      # DAGs    # Errors  Last Runtime    Last Run
---------------------------------------  -----  ---------  --------  ----------  --------------  -------------------
/opt/airflow/dags/lakehouse_pipeline.py                           1           0  0.33s           2026-08-28T00:24:57
================================================================================
[2026-08-28T00:25:40.318+0000] {manager.py:879} INFO - 
================================================================================
DAG File Processing Stats

File Path                                PID    Runtime      # DAGs    # Errors  Last Runtime    Last Run
---------------------------------------  -----  ---------  --------  ----------  --------------  -------------------
/opt/airflow/dags/lakehouse_pipeline.py                           1           0  0.22s           2026-08-28T00:25:27
================================================================================
[2026-08-28T00:26:10.616+0000] {manager.py:879} INFO - 
================================================================================
DAG File Processing Stats

File Path                                PID    Runtime      # DAGs    # Errors  Last Runtime    Last Run
---------------------------------------  -----  ---------  --------  ----------  --------------  -------------------
/opt/airflow/dags/lakehouse_pipeline.py                           1           0  0.17s           2026-08-28T00:25:57
================================================================================
[2026-08-28T00:26:40.998+0000] {manager.py:879} INFO - 
================================================================================
DAG File Processing Stats

File Path                                PID    Runtime      # DAGs    # Errors  Last Runtime    Last Run
---------------------------------------  -----  ---------  --------  ----------  --------------  -------------------
/opt/airflow/dags/lakehouse_pipeline.py                           1           0  0.20s           2026-08-28T00:26:27
================================================================================
[2026-08-28T00:27:11.274+0000] {manager.py:879} INFO - 
================================================================================
DAG File Processing Stats

File Path                                PID    Runtime      # DAGs    # Errors  Last Runtime    Last Run
---------------------------------------  -----  ---------  --------  ----------  --------------  -------------------
/opt/airflow/dags/lakehouse_pipeline.py                           1           0  0.24s           2026-08-28T00:26:58
================================================================================
[2026-08-28T00:27:41.743+0000] {manager.py:879} INFO - 
================================================================================
DAG File Processing Stats

File Path                                PID    Runtime      # DAGs    # Errors  Last Runtime    Last Run
---------------------------------------  -----  ---------  --------  ----------  --------------  -------------------
/opt/airflow/dags/lakehouse_pipeline.py                           1           0  0.31s           2026-08-28T00:27:28
================================================================================
[2026-08-28T00:28:11.884+0000] {manager.py:879} INFO - 
================================================================================
DAG File Processing Stats

File Path                                PID    Runtime      # DAGs    # Errors  Last Runtime    Last Run
---------------------------------------  -----  ---------  --------  ----------  --------------  -------------------
/opt/airflow/dags/lakehouse_pipeline.py                           1           0  0.60s           2026-08-28T00:28:00
================================================================================
[2026-08-28T00:28:42.600+0000] {manager.py:879} INFO - 
================================================================================
DAG File Processing Stats

File Path                                PID    Runtime      # DAGs    # Errors  Last Runtime    Last Run
---------------------------------------  -----  ---------  --------  ----------  --------------  -------------------
/opt/airflow/dags/lakehouse_pipeline.py                           1           0  0.21s           2026-08-28T00:28:30
================================================================================
[2026-08-28T00:29:13.108+0000] {manager.py:879} INFO - 
================================================================================
DAG File Processing Stats

File Path                                PID    Runtime      # DAGs    # Errors  Last Runtime    Last Run
---------------------------------------  -----  ---------  --------  ----------  --------------  -------------------
/opt/airflow/dags/lakehouse_pipeline.py                           1           0  0.23s           2026-08-28T00:29:01
================================================================================
[2026-08-28T00:29:38.524+0000] {manager.py:738} INFO - Searching for files in /opt/airflow/dags
[2026-08-28T00:29:38.592+0000] {manager.py:741} INFO - There are 1 files in /opt/airflow/dags
[2026-08-28T00:29:43.637+0000] {manager.py:879} INFO - 
================================================================================
DAG File Processing Stats

File Path                                PID    Runtime      # DAGs    # Errors  Last Runtime    Last Run
---------------------------------------  -----  ---------  --------  ----------  --------------  -------------------
/opt/airflow/dags/lakehouse_pipeline.py                           1           0  0.29s           2026-08-28T00:29:31
================================================================================
[2026-08-28T00:30:13.924+0000] {manager.py:879} INFO - 
================================================================================
DAG File Processing Stats

File Path                                PID    Runtime      # DAGs    # Errors  Last Runtime    Last Run
---------------------------------------  -----  ---------  --------  ----------  --------------  -------------------
/opt/airflow/dags/lakehouse_pipeline.py                           1           0  0.32s           2026-08-28T00:30:02
================================================================================
[2026-08-28T00:30:44.521+0000] {manager.py:879} INFO - 
================================================================================
DAG File Processing Stats

File Path                                PID    Runtime      # DAGs    # Errors  Last Runtime    Last Run
---------------------------------------  -----  ---------  --------  ----------  --------------  -------------------
/opt/airflow/dags/lakehouse_pipeline.py                           1           0  0.18s           2026-08-28T00:30:32
================================================================================
[2026-08-28T00:31:14.886+0000] {manager.py:879} INFO - 
================================================================================
DAG File Processing Stats

File Path                                PID    Runtime      # DAGs    # Errors  Last Runtime    Last Run
---------------------------------------  -----  ---------  --------  ----------  --------------  -------------------
/opt/airflow/dags/lakehouse_pipeline.py                           1           0  0.27s           2026-08-28T00:31:02
================================================================================
[2026-08-28T00:31:45.239+0000] {manager.py:879} INFO - 
================================================================================
DAG File Processing Stats

File Path                                PID    Runtime      # DAGs    # Errors  Last Runtime    Last Run
---------------------------------------  -----  ---------  --------  ----------  --------------  -------------------
/opt/airflow/dags/lakehouse_pipeline.py                           1           0  0.18s           2026-08-28T00:31:33
================================================================================
[2026-08-28T00:32:15.544+0000] {manager.py:879} INFO - 
================================================================================
DAG File Processing Stats

File Path                                PID    Runtime      # DAGs    # Errors  Last Runtime    Last Run
---------------------------------------  -----  ---------  --------  ----------  --------------  -------------------
/opt/airflow/dags/lakehouse_pipeline.py                           1           0  0.22s           2026-08-28T00:32:03
================================================================================
[2026-08-28T00:32:45.911+0000] {manager.py:879} INFO - 
================================================================================
DAG File Processing Stats

File Path                                PID    Runtime      # DAGs    # Errors  Last Runtime    Last Run
---------------------------------------  -----  ---------  --------  ----------  --------------  -------------------
/opt/airflow/dags/lakehouse_pipeline.py                           1           0  0.18s           2026-08-28T00:32:33
================================================================================
[2026-08-28T00:33:16.221+0000] {manager.py:879} INFO - 
================================================================================
DAG File Processing Stats

File Path                                PID    Runtime      # DAGs    # Errors  Last Runtime    Last Run
---------------------------------------  -----  ---------  --------  ----------  --------------  -------------------
/opt/airflow/dags/lakehouse_pipeline.py                           1           0  0.48s           2026-08-28T00:33:04
================================================================================
[2026-08-28T00:33:46.954+0000] {manager.py:879} INFO - 
================================================================================
DAG File Processing Stats

File Path                                PID    Runtime      # DAGs    # Errors  Last Runtime    Last Run
---------------------------------------  -----  ---------  --------  ----------  --------------  -------------------
/opt/airflow/dags/lakehouse_pipeline.py                           1           0  0.99s           2026-08-28T00:33:35
================================================================================
[2026-08-28T00:34:17.332+0000] {manager.py:879} INFO - 
================================================================================
DAG File Processing Stats

File Path                                PID    Runtime      # DAGs    # Errors  Last Runtime    Last Run
---------------------------------------  -----  ---------  --------  ----------  --------------  -------------------
/opt/airflow/dags/lakehouse_pipeline.py                           1           0  0.23s           2026-08-28T00:34:06
================================================================================
[2026-08-28T00:34:38.585+0000] {manager.py:738} INFO - Searching for files in /opt/airflow/dags
[2026-08-28T00:34:38.630+0000] {manager.py:741} INFO - There are 1 files in /opt/airflow/dags
[2026-08-28T00:34:47.722+0000] {manager.py:879} INFO - 
================================================================================
DAG File Processing Stats

File Path                                PID    Runtime      # DAGs    # Errors  Last Runtime    Last Run
---------------------------------------  -----  ---------  --------  ----------  --------------  -------------------
/opt/airflow/dags/lakehouse_pipeline.py                           1           0  0.22s           2026-08-28T00:34:36
================================================================================
[2026-08-28T00:35:18.017+0000] {manager.py:879} INFO - 
================================================================================
DAG File Processing Stats

File Path                                PID    Runtime      # DAGs    # Errors  Last Runtime    Last Run
---------------------------------------  -----  ---------  --------  ----------  --------------  -------------------
/opt/airflow/dags/lakehouse_pipeline.py                           1           0  0.17s           2026-08-28T00:35:07
================================================================================
[2026-08-28T00:35:48.365+0000] {manager.py:879} INFO - 
================================================================================
DAG File Processing Stats

File Path                                PID    Runtime      # DAGs    # Errors  Last Runtime    Last Run
---------------------------------------  -----  ---------  --------  ----------  --------------  -------------------
/opt/airflow/dags/lakehouse_pipeline.py                           1           0  0.25s           2026-08-28T00:35:37
================================================================================
[2026-08-28T00:36:18.617+0000] {manager.py:879} INFO - 
================================================================================
DAG File Processing Stats

File Path                                PID    Runtime      # DAGs    # Errors  Last Runtime    Last Run
---------------------------------------  -----  ---------  --------  ----------  --------------  -------------------
/opt/airflow/dags/lakehouse_pipeline.py                           1           0  0.21s           2026-08-28T00:36:07
================================================================================
[2026-08-28T00:36:49.120+0000] {manager.py:879} INFO - 
================================================================================
DAG File Processing Stats

File Path                                PID    Runtime      # DAGs    # Errors  Last Runtime    Last Run
---------------------------------------  -----  ---------  --------  ----------  --------------  -------------------
/opt/airflow/dags/lakehouse_pipeline.py                           1           0  0.45s           2026-08-28T00:36:38
================================================================================
[2026-08-28T00:37:19.489+0000] {manager.py:879} INFO - 
================================================================================
DAG File Processing Stats

File Path                                PID    Runtime      # DAGs    # Errors  Last Runtime    Last Run
---------------------------------------  -----  ---------  --------  ----------  --------------  -------------------
/opt/airflow/dags/lakehouse_pipeline.py                           1           0  0.21s           2026-08-28T00:37:08
================================================================================
[2026-08-28T00:37:49.796+0000] {manager.py:879} INFO - 
================================================================================
DAG File Processing Stats

File Path                                PID    Runtime      # DAGs    # Errors  Last Runtime    Last Run
---------------------------------------  -----  ---------  --------  ----------  --------------  -------------------
/opt/airflow/dags/lakehouse_pipeline.py                           1           0  0.21s           2026-08-28T00:37:38
================================================================================
[2026-08-28T00:38:20.124+0000] {manager.py:879} INFO - 
================================================================================
DAG File Processing Stats

File Path                                PID    Runtime      # DAGs    # Errors  Last Runtime    Last Run
---------------------------------------  -----  ---------  --------  ----------  --------------  -------------------
/opt/airflow/dags/lakehouse_pipeline.py                           1           0  0.21s           2026-08-28T00:38:09
================================================================================
[2026-08-28T00:38:50.533+0000] {manager.py:879} INFO - 
================================================================================
DAG File Processing Stats

File Path                                PID    Runtime      # DAGs    # Errors  Last Runtime    Last Run
---------------------------------------  -----  ---------  --------  ----------  --------------  -------------------
/opt/airflow/dags/lakehouse_pipeline.py                           1           0  0.28s           2026-08-28T00:38:39
================================================================================
[2026-08-28T00:39:20.985+0000] {manager.py:879} INFO - 
================================================================================
DAG File Processing Stats

File Path                                PID    Runtime      # DAGs    # Errors  Last Runtime    Last Run
---------------------------------------  -----  ---------  --------  ----------  --------------  -------------------
/opt/airflow/dags/lakehouse_pipeline.py                           1           0  0.45s           2026-08-28T00:39:10
================================================================================
[2026-08-28T00:39:39.113+0000] {manager.py:738} INFO - Searching for files in /opt/airflow/dags
[2026-08-28T00:39:39.137+0000] {manager.py:741} INFO - There are 1 files in /opt/airflow/dags
[2026-08-28T00:39:51.582+0000] {manager.py:879} INFO - 
================================================================================
DAG File Processing Stats

File Path                                PID    Runtime      # DAGs    # Errors  Last Runtime    Last Run
---------------------------------------  -----  ---------  --------  ----------  --------------  -------------------
/opt/airflow/dags/lakehouse_pipeline.py                           1           0  0.17s           2026-08-28T00:39:40
================================================================================
[2026-08-28T00:40:22.008+0000] {manager.py:879} INFO - 
================================================================================
DAG File Processing Stats

File Path                                PID    Runtime      # DAGs    # Errors  Last Runtime    Last Run
---------------------------------------  -----  ---------  --------  ----------  --------------  -------------------
/opt/airflow/dags/lakehouse_pipeline.py                           1           0  0.20s           2026-08-28T00:40:10
================================================================================
[2026-08-28T00:40:52.265+0000] {manager.py:879} INFO - 
================================================================================
DAG File Processing Stats

File Path                                PID    Runtime      # DAGs    # Errors  Last Runtime    Last Run
---------------------------------------  -----  ---------  --------  ----------  --------------  -------------------
/opt/airflow/dags/lakehouse_pipeline.py                           1           0  0.22s           2026-08-28T00:40:41
================================================================================
[2026-08-28T00:41:22.714+0000] {manager.py:879} INFO - 
================================================================================
DAG File Processing Stats

File Path                                PID    Runtime      # DAGs    # Errors  Last Runtime    Last Run
---------------------------------------  -----  ---------  --------  ----------  --------------  -------------------
/opt/airflow/dags/lakehouse_pipeline.py                           1           0  0.19s           2026-08-28T00:41:11
================================================================================
[2026-08-28T00:41:53.040+0000] {manager.py:879} INFO - 
================================================================================
DAG File Processing Stats

File Path                                PID    Runtime      # DAGs    # Errors  Last Runtime    Last Run
---------------------------------------  -----  ---------  --------  ----------  --------------  -------------------
/opt/airflow/dags/lakehouse_pipeline.py                           1           0  0.16s           2026-08-28T00:41:42
================================================================================
[2026-08-28T00:42:23.405+0000] {manager.py:879} INFO - 
================================================================================
DAG File Processing Stats

File Path                                PID    Runtime      # DAGs    # Errors  Last Runtime    Last Run
---------------------------------------  -----  ---------  --------  ----------  --------------  -------------------
/opt/airflow/dags/lakehouse_pipeline.py                           1           0  0.20s           2026-08-28T00:42:12
================================================================================
[2026-08-28T00:42:53.748+0000] {manager.py:879} INFO - 
================================================================================
DAG File Processing Stats

File Path                                PID    Runtime      # DAGs    # Errors  Last Runtime    Last Run
---------------------------------------  -----  ---------  --------  ----------  --------------  -------------------
/opt/airflow/dags/lakehouse_pipeline.py                           1           0  0.17s           2026-08-28T00:42:42
================================================================================
[2026-08-28T00:43:24.103+0000] {manager.py:879} INFO - 
================================================================================
DAG File Processing Stats

File Path                                PID    Runtime      # DAGs    # Errors  Last Runtime    Last Run
---------------------------------------  -----  ---------  --------  ----------  --------------  -------------------
/opt/airflow/dags/lakehouse_pipeline.py                           1           0  0.19s           2026-08-28T00:43:13
================================================================================
[2026-08-28T00:43:54.474+0000] {manager.py:879} INFO - 
================================================================================
DAG File Processing Stats

File Path                                PID    Runtime      # DAGs    # Errors  Last Runtime    Last Run
---------------------------------------  -----  ---------  --------  ----------  --------------  -------------------
/opt/airflow/dags/lakehouse_pipeline.py                           1           0  0.24s           2026-08-28T00:43:43
================================================================================
[2026-08-28T00:44:24.828+0000] {manager.py:879} INFO - 
================================================================================
DAG File Processing Stats

File Path                                PID    Runtime      # DAGs    # Errors  Last Runtime    Last Run
---------------------------------------  -----  ---------  --------  ----------  --------------  -------------------
/opt/airflow/dags/lakehouse_pipeline.py                           1           0  0.17s           2026-08-28T00:44:13
================================================================================
[2026-08-28T00:44:39.971+0000] {manager.py:738} INFO - Searching for files in /opt/airflow/dags
[2026-08-28T00:44:40.003+0000] {manager.py:741} INFO - There are 1 files in /opt/airflow/dags
[2026-08-28T00:44:55.193+0000] {manager.py:879} INFO - 
================================================================================
DAG File Processing Stats

File Path                                PID    Runtime      # DAGs    # Errors  Last Runtime    Last Run
---------------------------------------  -----  ---------  --------  ----------  --------------  -------------------
/opt/airflow/dags/lakehouse_pipeline.py                           1           0  0.17s           2026-08-28T00:44:44
================================================================================
[2026-08-28T00:45:25.454+0000] {manager.py:879} INFO - 
================================================================================
DAG File Processing Stats

File Path                                PID    Runtime      # DAGs    # Errors  Last Runtime    Last Run
---------------------------------------  -----  ---------  --------  ----------  --------------  -------------------
/opt/airflow/dags/lakehouse_pipeline.py                           1           0  0.16s           2026-08-28T00:45:14
================================================================================
[2026-08-28T00:45:55.843+0000] {manager.py:879} INFO - 
================================================================================
DAG File Processing Stats

File Path                                PID    Runtime      # DAGs    # Errors  Last Runtime    Last Run
---------------------------------------  -----  ---------  --------  ----------  --------------  -------------------
/opt/airflow/dags/lakehouse_pipeline.py                           1           0  0.35s           2026-08-28T00:45:44
================================================================================
[2026-08-28T00:46:26.116+0000] {manager.py:879} INFO - 
================================================================================
DAG File Processing Stats

File Path                                PID    Runtime      # DAGs    # Errors  Last Runtime    Last Run
---------------------------------------  -----  ---------  --------  ----------  --------------  -------------------
/opt/airflow/dags/lakehouse_pipeline.py                           1           0  0.16s           2026-08-28T00:46:15
================================================================================
[2026-08-28T00:46:56.530+0000] {manager.py:879} INFO - 
================================================================================
DAG File Processing Stats

File Path                                PID    Runtime      # DAGs    # Errors  Last Runtime    Last Run
---------------------------------------  -----  ---------  --------  ----------  --------------  -------------------
/opt/airflow/dags/lakehouse_pipeline.py                           1           0  0.29s           2026-08-28T00:46:45
================================================================================
[2026-08-28T00:47:26.882+0000] {manager.py:879} INFO - 
================================================================================
DAG File Processing Stats

File Path                                PID    Runtime      # DAGs    # Errors  Last Runtime    Last Run
---------------------------------------  -----  ---------  --------  ----------  --------------  -------------------
/opt/airflow/dags/lakehouse_pipeline.py                           1           0  0.17s           2026-08-28T00:47:15
================================================================================
[2026-08-28T00:47:57.336+0000] {manager.py:879} INFO - 
================================================================================
DAG File Processing Stats

File Path                                PID    Runtime      # DAGs    # Errors  Last Runtime    Last Run
---------------------------------------  -----  ---------  --------  ----------  --------------  -------------------
/opt/airflow/dags/lakehouse_pipeline.py                           1           0  0.16s           2026-08-28T00:47:46
================================================================================
[2026-08-28T00:48:27.683+0000] {manager.py:879} INFO - 
================================================================================
DAG File Processing Stats

File Path                                PID    Runtime      # DAGs    # Errors  Last Runtime    Last Run
---------------------------------------  -----  ---------  --------  ----------  --------------  -------------------
/opt/airflow/dags/lakehouse_pipeline.py                           1           0  0.16s           2026-08-28T00:48:16
================================================================================
[2026-08-28T00:48:58.105+0000] {manager.py:879} INFO - 
================================================================================
DAG File Processing Stats

File Path                                PID    Runtime      # DAGs    # Errors  Last Runtime    Last Run
---------------------------------------  -----  ---------  --------  ----------  --------------  -------------------
/opt/airflow/dags/lakehouse_pipeline.py                           1           0  0.21s           2026-08-28T00:48:47
================================================================================
[2026-08-28T00:49:28.499+0000] {manager.py:879} INFO - 
================================================================================
DAG File Processing Stats

File Path                                PID    Runtime      # DAGs    # Errors  Last Runtime    Last Run
---------------------------------------  -----  ---------  --------  ----------  --------------  -------------------
/opt/airflow/dags/lakehouse_pipeline.py                           1           0  0.17s           2026-08-28T00:49:17
================================================================================
[2026-08-28T00:49:40.616+0000] {manager.py:738} INFO - Searching for files in /opt/airflow/dags
[2026-08-28T00:49:40.639+0000] {manager.py:741} INFO - There are 1 files in /opt/airflow/dags
[2026-08-28T00:49:58.827+0000] {manager.py:879} INFO - 
================================================================================
DAG File Processing Stats

File Path                                PID    Runtime      # DAGs    # Errors  Last Runtime    Last Run
---------------------------------------  -----  ---------  --------  ----------  --------------  -------------------
/opt/airflow/dags/lakehouse_pipeline.py                           1           0  0.19s           2026-08-28T00:49:47
================================================================================
[2026-08-28T00:50:29.177+0000] {manager.py:879} INFO - 
================================================================================
DAG File Processing Stats

File Path                                PID    Runtime      # DAGs    # Errors  Last Runtime    Last Run
---------------------------------------  -----  ---------  --------  ----------  --------------  -------------------
/opt/airflow/dags/lakehouse_pipeline.py                           1           0  0.16s           2026-08-28T00:50:18
================================================================================
[2026-08-28T00:50:59.503+0000] {manager.py:879} INFO - 
================================================================================
DAG File Processing Stats

File Path                                PID    Runtime      # DAGs    # Errors  Last Runtime    Last Run
---------------------------------------  -----  ---------  --------  ----------  --------------  -------------------
/opt/airflow/dags/lakehouse_pipeline.py                           1           0  0.17s           2026-08-28T00:50:48
================================================================================
[2026-08-28T00:51:29.759+0000] {manager.py:879} INFO - 
================================================================================
DAG File Processing Stats

File Path                                PID    Runtime      # DAGs    # Errors  Last Runtime    Last Run
---------------------------------------  -----  ---------  --------  ----------  --------------  -------------------
/opt/airflow/dags/lakehouse_pipeline.py                           1           0  0.19s           2026-08-28T00:51:18
================================================================================
[2026-08-28T00:52:00.122+0000] {manager.py:879} INFO - 
================================================================================
DAG File Processing Stats

File Path                                PID    Runtime      # DAGs    # Errors  Last Runtime    Last Run
---------------------------------------  -----  ---------  --------  ----------  --------------  -------------------
/opt/airflow/dags/lakehouse_pipeline.py                           1           0  0.19s           2026-08-28T00:51:49
================================================================================
[2026-08-28T00:52:30.346+0000] {manager.py:879} INFO - 
================================================================================
DAG File Processing Stats

File Path                                PID    Runtime      # DAGs    # Errors  Last Runtime    Last Run
---------------------------------------  -----  ---------  --------  ----------  --------------  -------------------
/opt/airflow/dags/lakehouse_pipeline.py                           1           0  0.19s           2026-08-28T00:52:19
================================================================================
[2026-08-28T00:53:00.693+0000] {manager.py:879} INFO - 
================================================================================
DAG File Processing Stats

File Path                                PID    Runtime      # DAGs    # Errors  Last Runtime    Last Run
---------------------------------------  -----  ---------  --------  ----------  --------------  -------------------
/opt/airflow/dags/lakehouse_pipeline.py                           1           0  0.20s           2026-08-28T00:52:49
================================================================================
[2026-08-28T00:53:30.983+0000] {manager.py:879} INFO - 
================================================================================
DAG File Processing Stats

File Path                                PID    Runtime      # DAGs    # Errors  Last Runtime    Last Run
---------------------------------------  -----  ---------  --------  ----------  --------------  -------------------
/opt/airflow/dags/lakehouse_pipeline.py                           1           0  0.17s           2026-08-28T00:53:20
================================================================================
[2026-08-28T00:54:01.287+0000] {manager.py:879} INFO - 
================================================================================
DAG File Processing Stats

File Path                                PID    Runtime      # DAGs    # Errors  Last Runtime    Last Run
---------------------------------------  -----  ---------  --------  ----------  --------------  -------------------
/opt/airflow/dags/lakehouse_pipeline.py                           1           0  0.17s           2026-08-28T00:53:50
================================================================================
[2026-08-28T00:54:31.659+0000] {manager.py:879} INFO - 
================================================================================
DAG File Processing Stats

File Path                                PID    Runtime      # DAGs    # Errors  Last Runtime    Last Run
---------------------------------------  -----  ---------  --------  ----------  --------------  -------------------
/opt/airflow/dags/lakehouse_pipeline.py                           1           0  0.19s           2026-08-28T00:54:20
================================================================================
[2026-08-28T00:54:40.718+0000] {manager.py:738} INFO - Searching for files in /opt/airflow/dags
[2026-08-28T00:54:40.737+0000] {manager.py:741} INFO - There are 1 files in /opt/airflow/dags
[2026-08-28T00:55:01.983+0000] {manager.py:879} INFO - 
================================================================================
DAG File Processing Stats

File Path                                PID    Runtime      # DAGs    # Errors  Last Runtime    Last Run
---------------------------------------  -----  ---------  --------  ----------  --------------  -------------------
/opt/airflow/dags/lakehouse_pipeline.py                           1           0  0.17s           2026-08-28T00:54:51
================================================================================
[2026-08-28T00:55:32.386+0000] {manager.py:879} INFO - 
================================================================================
DAG File Processing Stats

File Path                                PID    Runtime      # DAGs    # Errors  Last Runtime    Last Run
---------------------------------------  -----  ---------  --------  ----------  --------------  -------------------
/opt/airflow/dags/lakehouse_pipeline.py                           1           0  0.24s           2026-08-28T00:55:21
================================================================================
[2026-08-28T00:56:02.759+0000] {manager.py:879} INFO - 
================================================================================
DAG File Processing Stats

File Path                                PID    Runtime      # DAGs    # Errors  Last Runtime    Last Run
---------------------------------------  -----  ---------  --------  ----------  --------------  -------------------
/opt/airflow/dags/lakehouse_pipeline.py                           1           0  0.20s           2026-08-28T00:55:51
================================================================================
[2026-08-28T00:56:33.035+0000] {manager.py:879} INFO - 
================================================================================
DAG File Processing Stats

File Path                                PID    Runtime      # DAGs    # Errors  Last Runtime    Last Run
---------------------------------------  -----  ---------  --------  ----------  --------------  -------------------
/opt/airflow/dags/lakehouse_pipeline.py                           1           0  0.16s           2026-08-28T00:56:22
================================================================================
[2026-08-28T00:57:03.398+0000] {manager.py:879} INFO - 
================================================================================
DAG File Processing Stats

File Path                                PID    Runtime      # DAGs    # Errors  Last Runtime    Last Run
---------------------------------------  -----  ---------  --------  ----------  --------------  -------------------
/opt/airflow/dags/lakehouse_pipeline.py                           1           0  0.16s           2026-08-28T00:56:52
================================================================================
[2026-08-28T00:57:33.744+0000] {manager.py:879} INFO - 
================================================================================
DAG File Processing Stats

File Path                                PID    Runtime      # DAGs    # Errors  Last Runtime    Last Run
---------------------------------------  -----  ---------  --------  ----------  --------------  -------------------
/opt/airflow/dags/lakehouse_pipeline.py                           1           0  0.42s           2026-08-28T00:57:23
================================================================================
[2026-08-28T00:58:03.795+0000] {manager.py:879} INFO - 
================================================================================
DAG File Processing Stats

File Path                                PID    Runtime      # DAGs    # Errors  Last Runtime    Last Run
---------------------------------------  -----  ---------  --------  ----------  --------------  -------------------
/opt/airflow/dags/lakehouse_pipeline.py                           1           0  0.32s           2026-08-28T00:57:53
================================================================================
[2026-08-28T00:58:33.805+0000] {manager.py:879} INFO - 
================================================================================
DAG File Processing Stats

File Path                                PID    Runtime      # DAGs    # Errors  Last Runtime    Last Run
---------------------------------------  -----  ---------  --------  ----------  --------------  -------------------
/opt/airflow/dags/lakehouse_pipeline.py                           1           0  0.23s           2026-08-28T00:58:23
================================================================================
[2026-08-28T00:59:04.364+0000] {manager.py:879} INFO - 
================================================================================
DAG File Processing Stats

File Path                                PID    Runtime      # DAGs    # Errors  Last Runtime    Last Run
---------------------------------------  -----  ---------  --------  ----------  --------------  -------------------
/opt/airflow/dags/lakehouse_pipeline.py                           1           0  0.33s           2026-08-28T00:58:54
================================================================================
[2026-08-28T00:59:34.804+0000] {manager.py:879} INFO - 
================================================================================
DAG File Processing Stats

File Path                                PID    Runtime      # DAGs    # Errors  Last Runtime    Last Run
---------------------------------------  -----  ---------  --------  ----------  --------------  -------------------
/opt/airflow/dags/lakehouse_pipeline.py                           1           0  0.52s           2026-08-28T00:59:25
================================================================================
[2026-08-28T00:59:40.840+0000] {manager.py:738} INFO - Searching for files in /opt/airflow/dags
[2026-08-28T00:59:40.864+0000] {manager.py:741} INFO - There are 1 files in /opt/airflow/dags
[2026-08-28T01:00:04.897+0000] {manager.py:879} INFO - 
================================================================================
DAG File Processing Stats

File Path                                PID    Runtime      # DAGs    # Errors  Last Runtime    Last Run
---------------------------------------  -----  ---------  --------  ----------  --------------  -------------------
/opt/airflow/dags/lakehouse_pipeline.py                           1           0  0.31s           2026-08-28T00:59:55
================================================================================
[2026-08-28T01:00:34.915+0000] {manager.py:879} INFO - 
================================================================================
DAG File Processing Stats

File Path                                PID    Runtime      # DAGs    # Errors  Last Runtime    Last Run
---------------------------------------  -----  ---------  --------  ----------  --------------  -------------------
/opt/airflow/dags/lakehouse_pipeline.py                           1           0  0.27s           2026-08-28T01:00:26
================================================================================
[2026-08-28T01:01:05.448+0000] {manager.py:879} INFO - 
================================================================================
DAG File Processing Stats

File Path                                PID    Runtime      # DAGs    # Errors  Last Runtime    Last Run
---------------------------------------  -----  ---------  --------  ----------  --------------  -------------------
/opt/airflow/dags/lakehouse_pipeline.py                           1           0  0.29s           2026-08-28T01:00:56
================================================================================
[2026-08-28T01:01:35.839+0000] {manager.py:879} INFO - 
================================================================================
DAG File Processing Stats

File Path                                PID    Runtime      # DAGs    # Errors  Last Runtime    Last Run
---------------------------------------  -----  ---------  --------  ----------  --------------  -------------------
/opt/airflow/dags/lakehouse_pipeline.py                           1           0  0.34s           2026-08-28T01:01:27
================================================================================
[2026-08-28T01:02:06.104+0000] {manager.py:879} INFO - 
================================================================================
DAG File Processing Stats

File Path                                PID    Runtime      # DAGs    # Errors  Last Runtime    Last Run
---------------------------------------  -----  ---------  --------  ----------  --------------  -------------------
/opt/airflow/dags/lakehouse_pipeline.py                           1           0  0.56s           2026-08-28T01:01:57
================================================================================
[2026-08-28T01:02:36.284+0000] {manager.py:879} INFO - 
================================================================================
DAG File Processing Stats

File Path                                PID    Runtime      # DAGs    # Errors  Last Runtime    Last Run
---------------------------------------  -----  ---------  --------  ----------  --------------  -------------------
/opt/airflow/dags/lakehouse_pipeline.py                           1           0  0.76s           2026-08-28T01:02:29
================================================================================
[2026-08-28T01:03:06.646+0000] {manager.py:879} INFO - 
================================================================================
DAG File Processing Stats

File Path                                PID    Runtime      # DAGs    # Errors  Last Runtime    Last Run
---------------------------------------  -----  ---------  --------  ----------  --------------  -------------------
/opt/airflow/dags/lakehouse_pipeline.py                           1           0  0.45s           2026-08-28T01:03:00
================================================================================
[2026-08-28T01:03:36.783+0000] {manager.py:879} INFO - 
================================================================================
DAG File Processing Stats

File Path                                PID    Runtime      # DAGs    # Errors  Last Runtime    Last Run
---------------------------------------  -----  ---------  --------  ----------  --------------  -------------------
/opt/airflow/dags/lakehouse_pipeline.py                           1           0  0.37s           2026-08-28T01:03:30
================================================================================
[2026-08-28T01:04:07.185+0000] {manager.py:879} INFO - 
================================================================================
DAG File Processing Stats

File Path                                PID    Runtime      # DAGs    # Errors  Last Runtime    Last Run
---------------------------------------  -----  ---------  --------  ----------  --------------  -------------------
/opt/airflow/dags/lakehouse_pipeline.py                           1           0  0.53s           2026-08-28T01:04:01
================================================================================
[2026-08-28T01:04:37.530+0000] {manager.py:879} INFO - 
================================================================================
DAG File Processing Stats

File Path                                PID    Runtime      # DAGs    # Errors  Last Runtime    Last Run
---------------------------------------  -----  ---------  --------  ----------  --------------  -------------------
/opt/airflow/dags/lakehouse_pipeline.py                           1           0  0.61s           2026-08-28T01:04:32
================================================================================
[2026-08-28T01:04:41.578+0000] {manager.py:738} INFO - Searching for files in /opt/airflow/dags
[2026-08-28T01:04:41.692+0000] {manager.py:741} INFO - There are 1 files in /opt/airflow/dags
[2026-08-28T01:05:07.608+0000] {manager.py:879} INFO - 
================================================================================
DAG File Processing Stats

File Path                                PID    Runtime      # DAGs    # Errors  Last Runtime    Last Run
---------------------------------------  -----  ---------  --------  ----------  --------------  -------------------
/opt/airflow/dags/lakehouse_pipeline.py                           1           0  0.51s           2026-08-28T01:05:03
================================================================================
[2026-08-28T01:05:37.956+0000] {manager.py:879} INFO - 
================================================================================
DAG File Processing Stats

File Path                                PID    Runtime      # DAGs    # Errors  Last Runtime    Last Run
---------------------------------------  -----  ---------  --------  ----------  --------------  -------------------
/opt/airflow/dags/lakehouse_pipeline.py                           1           0  0.26s           2026-08-28T01:05:34
================================================================================
[2026-08-28T01:06:08.615+0000] {manager.py:879} INFO - 
================================================================================
DAG File Processing Stats

File Path                                PID    Runtime      # DAGs    # Errors  Last Runtime    Last Run
---------------------------------------  -----  ---------  --------  ----------  --------------  -------------------
/opt/airflow/dags/lakehouse_pipeline.py                           1           0  0.47s           2026-08-28T01:06:04
================================================================================
[2026-08-28T01:06:39.143+0000] {manager.py:879} INFO - 
================================================================================
DAG File Processing Stats

File Path                                PID    Runtime      # DAGs    # Errors  Last Runtime    Last Run
---------------------------------------  -----  ---------  --------  ----------  --------------  -------------------
/opt/airflow/dags/lakehouse_pipeline.py                           1           0  0.25s           2026-08-28T01:06:35
================================================================================
[2026-08-28T01:07:09.615+0000] {manager.py:879} INFO - 
================================================================================
DAG File Processing Stats

File Path                                PID    Runtime      # DAGs    # Errors  Last Runtime    Last Run
---------------------------------------  -----  ---------  --------  ----------  --------------  -------------------
/opt/airflow/dags/lakehouse_pipeline.py                           1           0  0.30s           2026-08-28T01:07:05
================================================================================
[2026-08-28T01:07:40.183+0000] {manager.py:879} INFO - 
================================================================================
DAG File Processing Stats

File Path                                PID    Runtime      # DAGs    # Errors  Last Runtime    Last Run
---------------------------------------  -----  ---------  --------  ----------  --------------  -------------------
/opt/airflow/dags/lakehouse_pipeline.py                           1           0  0.28s           2026-08-28T01:07:36
================================================================================
[2026-08-28T01:08:10.627+0000] {manager.py:879} INFO - 
================================================================================
DAG File Processing Stats

File Path                                PID    Runtime      # DAGs    # Errors  Last Runtime    Last Run
---------------------------------------  -----  ---------  --------  ----------  --------------  -------------------
/opt/airflow/dags/lakehouse_pipeline.py                           1           0  0.28s           2026-08-28T01:08:06
================================================================================
[2026-08-28T01:08:41.160+0000] {manager.py:879} INFO - 
================================================================================
DAG File Processing Stats

File Path                                PID    Runtime      # DAGs    # Errors  Last Runtime    Last Run
---------------------------------------  -----  ---------  --------  ----------  --------------  -------------------
/opt/airflow/dags/lakehouse_pipeline.py                           1           0  0.36s           2026-08-28T01:08:37
================================================================================
[2026-08-28T01:09:11.781+0000] {manager.py:879} INFO - 
================================================================================
DAG File Processing Stats

File Path                                PID    Runtime      # DAGs    # Errors  Last Runtime    Last Run
---------------------------------------  -----  ---------  --------  ----------  --------------  -------------------
/opt/airflow/dags/lakehouse_pipeline.py                           1           0  0.35s           2026-08-28T01:09:07
================================================================================
[2026-08-28T01:09:42.247+0000] {manager.py:738} INFO - Searching for files in /opt/airflow/dags
[2026-08-28T01:09:42.360+0000] {manager.py:741} INFO - There are 1 files in /opt/airflow/dags
[2026-08-28T01:09:42.416+0000] {manager.py:879} INFO - 
================================================================================
DAG File Processing Stats

File Path                                PID    Runtime      # DAGs    # Errors  Last Runtime    Last Run
---------------------------------------  -----  ---------  --------  ----------  --------------  -------------------
/opt/airflow/dags/lakehouse_pipeline.py                           1           0  0.31s           2026-08-28T01:09:38
================================================================================
[2026-08-28T01:10:12.848+0000] {manager.py:879} INFO - 
================================================================================
DAG File Processing Stats

File Path                                PID    Runtime      # DAGs    # Errors  Last Runtime    Last Run
---------------------------------------  -----  ---------  --------  ----------  --------------  -------------------
/opt/airflow/dags/lakehouse_pipeline.py                           1           0  0.29s           2026-08-28T01:10:09
================================================================================
[2026-08-28T01:10:43.230+0000] {manager.py:879} INFO - 
================================================================================
DAG File Processing Stats

File Path                                PID    Runtime      # DAGs    # Errors  Last Runtime    Last Run
---------------------------------------  -----  ---------  --------  ----------  --------------  -------------------
/opt/airflow/dags/lakehouse_pipeline.py                           1           0  0.26s           2026-08-28T01:10:39
================================================================================
[2026-08-28T01:11:13.833+0000] {manager.py:879} INFO - 
================================================================================
DAG File Processing Stats

File Path                                PID    Runtime      # DAGs    # Errors  Last Runtime    Last Run
---------------------------------------  -----  ---------  --------  ----------  --------------  -------------------
/opt/airflow/dags/lakehouse_pipeline.py                           1           0  0.31s           2026-08-28T01:11:09
================================================================================
[2026-08-28T01:11:44.309+0000] {manager.py:879} INFO - 
================================================================================
DAG File Processing Stats

File Path                                PID    Runtime      # DAGs    # Errors  Last Runtime    Last Run
---------------------------------------  -----  ---------  --------  ----------  --------------  -------------------
/opt/airflow/dags/lakehouse_pipeline.py                           1           0  0.26s           2026-08-28T01:11:40
================================================================================
[2026-08-28T01:12:14.805+0000] {manager.py:879} INFO - 
================================================================================
DAG File Processing Stats

File Path                                PID    Runtime      # DAGs    # Errors  Last Runtime    Last Run
---------------------------------------  -----  ---------  --------  ----------  --------------  -------------------
/opt/airflow/dags/lakehouse_pipeline.py                           1           0  0.28s           2026-08-28T01:12:10
================================================================================
[2026-08-28T01:12:45.308+0000] {manager.py:879} INFO - 
================================================================================
DAG File Processing Stats

File Path                                PID    Runtime      # DAGs    # Errors  Last Runtime    Last Run
---------------------------------------  -----  ---------  --------  ----------  --------------  -------------------
/opt/airflow/dags/lakehouse_pipeline.py                           1           0  0.29s           2026-08-28T01:12:41
================================================================================
[2026-08-28T01:13:15.748+0000] {manager.py:879} INFO - 
================================================================================
DAG File Processing Stats

File Path                                PID    Runtime      # DAGs    # Errors  Last Runtime    Last Run
---------------------------------------  -----  ---------  --------  ----------  --------------  -------------------
/opt/airflow/dags/lakehouse_pipeline.py                           1           0  0.21s           2026-08-28T01:13:11
================================================================================
[2026-08-28T01:13:46.194+0000] {manager.py:879} INFO - 
================================================================================
DAG File Processing Stats

File Path                                PID    Runtime      # DAGs    # Errors  Last Runtime    Last Run
---------------------------------------  -----  ---------  --------  ----------  --------------  -------------------
/opt/airflow/dags/lakehouse_pipeline.py                           1           0  0.28s           2026-08-28T01:13:42
================================================================================
[2026-08-28T01:14:16.764+0000] {manager.py:879} INFO - 
================================================================================
DAG File Processing Stats

File Path                                PID    Runtime      # DAGs    # Errors  Last Runtime    Last Run
---------------------------------------  -----  ---------  --------  ----------  --------------  -------------------
/opt/airflow/dags/lakehouse_pipeline.py                           1           0  0.43s           2026-08-28T01:14:12
================================================================================
[2026-08-28T01:14:42.998+0000] {manager.py:738} INFO - Searching for files in /opt/airflow/dags
[2026-08-28T01:14:43.061+0000] {manager.py:741} INFO - There are 1 files in /opt/airflow/dags
[2026-08-28T01:14:47.281+0000] {manager.py:879} INFO - 
================================================================================
DAG File Processing Stats

File Path                                PID    Runtime      # DAGs    # Errors  Last Runtime    Last Run
---------------------------------------  -----  ---------  --------  ----------  --------------  -------------------
/opt/airflow/dags/lakehouse_pipeline.py                           1           0  0.52s           2026-08-28T01:14:43
================================================================================
[2026-08-28T01:15:17.284+0000] {manager.py:879} INFO - 
================================================================================
DAG File Processing Stats

File Path                                PID    Runtime      # DAGs    # Errors  Last Runtime    Last Run
---------------------------------------  -----  ---------  --------  ----------  --------------  -------------------
/opt/airflow/dags/lakehouse_pipeline.py                           1           0  0.33s           2026-08-28T01:15:14
================================================================================
[2026-08-28T01:15:47.392+0000] {manager.py:879} INFO - 
================================================================================
DAG File Processing Stats

File Path                                PID    Runtime      # DAGs    # Errors  Last Runtime    Last Run
---------------------------------------  -----  ---------  --------  ----------  --------------  -------------------
/opt/airflow/dags/lakehouse_pipeline.py                           1           0  0.25s           2026-08-28T01:15:44
================================================================================
[2026-08-28T01:16:17.927+0000] {manager.py:879} INFO - 
================================================================================
DAG File Processing Stats

File Path                                PID    Runtime      # DAGs    # Errors  Last Runtime    Last Run
---------------------------------------  -----  ---------  --------  ----------  --------------  -------------------
/opt/airflow/dags/lakehouse_pipeline.py                           1           0  0.50s           2026-08-28T01:16:15
================================================================================
[2026-08-28T01:16:48.560+0000] {manager.py:879} INFO - 
================================================================================
DAG File Processing Stats

File Path                                PID    Runtime      # DAGs    # Errors  Last Runtime    Last Run
---------------------------------------  -----  ---------  --------  ----------  --------------  -------------------
/opt/airflow/dags/lakehouse_pipeline.py                           1           0  0.26s           2026-08-28T01:16:45
================================================================================
[2026-08-28T01:17:18.945+0000] {manager.py:879} INFO - 
================================================================================
DAG File Processing Stats

File Path                                PID    Runtime      # DAGs    # Errors  Last Runtime    Last Run
---------------------------------------  -----  ---------  --------  ----------  --------------  -------------------
/opt/airflow/dags/lakehouse_pipeline.py                           1           0  0.25s           2026-08-28T01:17:16
================================================================================
[2026-08-28T01:17:49.075+0000] {manager.py:879} INFO - 
================================================================================
DAG File Processing Stats

File Path                                PID    Runtime      # DAGs    # Errors  Last Runtime    Last Run
---------------------------------------  -----  ---------  --------  ----------  --------------  -------------------
/opt/airflow/dags/lakehouse_pipeline.py                           1           0  0.74s           2026-08-28T01:17:22
================================================================================
[2026-08-28T01:18:19.416+0000] {manager.py:879} INFO - 
================================================================================
DAG File Processing Stats

File Path                                PID    Runtime      # DAGs    # Errors  Last Runtime    Last Run
---------------------------------------  -----  ---------  --------  ----------  --------------  -------------------
/opt/airflow/dags/lakehouse_pipeline.py                           1           0  0.29s           2026-08-28T01:17:53
================================================================================
[2026-08-28T01:18:50.005+0000] {manager.py:879} INFO - 
================================================================================
DAG File Processing Stats

File Path                                PID    Runtime      # DAGs    # Errors  Last Runtime    Last Run
---------------------------------------  -----  ---------  --------  ----------  --------------  -------------------
/opt/airflow/dags/lakehouse_pipeline.py                           1           0  0.49s           2026-08-28T01:18:23
================================================================================
[2026-08-28T01:19:20.538+0000] {manager.py:879} INFO - 
================================================================================
DAG File Processing Stats

File Path                                PID    Runtime      # DAGs    # Errors  Last Runtime    Last Run
---------------------------------------  -----  ---------  --------  ----------  --------------  -------------------
/opt/airflow/dags/lakehouse_pipeline.py                           1           0  0.48s           2026-08-28T01:18:54
================================================================================
[2026-08-28T01:19:43.144+0000] {manager.py:738} INFO - Searching for files in /opt/airflow/dags
[2026-08-28T01:19:43.240+0000] {manager.py:741} INFO - There are 1 files in /opt/airflow/dags
[2026-08-28T01:19:51.334+0000] {manager.py:879} INFO - 
================================================================================
DAG File Processing Stats

File Path                                PID    Runtime      # DAGs    # Errors  Last Runtime    Last Run
---------------------------------------  -----  ---------  --------  ----------  --------------  -------------------
/opt/airflow/dags/lakehouse_pipeline.py                           1           0  0.50s           2026-08-28T01:19:25
================================================================================
[2026-08-28T01:20:21.742+0000] {manager.py:879} INFO - 
================================================================================
DAG File Processing Stats

File Path                                PID    Runtime      # DAGs    # Errors  Last Runtime    Last Run
---------------------------------------  -----  ---------  --------  ----------  --------------  -------------------
/opt/airflow/dags/lakehouse_pipeline.py                           1           0  0.36s           2026-08-28T01:19:55
================================================================================
[2026-08-28T01:20:52.433+0000] {manager.py:879} INFO - 
================================================================================
DAG File Processing Stats

File Path                                PID    Runtime      # DAGs    # Errors  Last Runtime    Last Run
---------------------------------------  -----  ---------  --------  ----------  --------------  -------------------
/opt/airflow/dags/lakehouse_pipeline.py                           1           0  0.48s           2026-08-28T01:20:26
================================================================================
[2026-08-28T01:21:22.930+0000] {manager.py:879} INFO - 
================================================================================
DAG File Processing Stats

File Path                                PID    Runtime      # DAGs    # Errors  Last Runtime    Last Run
---------------------------------------  -----  ---------  --------  ----------  --------------  -------------------
/opt/airflow/dags/lakehouse_pipeline.py                           1           0  0.28s           2026-08-28T01:20:56
================================================================================
[2026-08-28T01:21:53.417+0000] {manager.py:879} INFO - 
================================================================================
DAG File Processing Stats

File Path                                PID    Runtime      # DAGs    # Errors  Last Runtime    Last Run
---------------------------------------  -----  ---------  --------  ----------  --------------  -------------------
/opt/airflow/dags/lakehouse_pipeline.py                           1           0  0.27s           2026-08-28T01:21:27
================================================================================
[2026-08-28T01:22:23.870+0000] {manager.py:879} INFO - 
================================================================================
DAG File Processing Stats

File Path                                PID    Runtime      # DAGs    # Errors  Last Runtime    Last Run
---------------------------------------  -----  ---------  --------  ----------  --------------  -------------------
/opt/airflow/dags/lakehouse_pipeline.py                           1           0  0.27s           2026-08-28T01:21:57
================================================================================
[2026-08-28T01:22:54.488+0000] {manager.py:879} INFO - 
================================================================================
DAG File Processing Stats

File Path                                PID    Runtime      # DAGs    # Errors  Last Runtime    Last Run
---------------------------------------  -----  ---------  --------  ----------  --------------  -------------------
/opt/airflow/dags/lakehouse_pipeline.py                           1           0  0.50s           2026-08-28T01:22:28
================================================================================
[2026-08-28T01:23:25.044+0000] {manager.py:879} INFO - 
================================================================================
DAG File Processing Stats

File Path                                PID    Runtime      # DAGs    # Errors  Last Runtime    Last Run
---------------------------------------  -----  ---------  --------  ----------  --------------  -------------------
/opt/airflow/dags/lakehouse_pipeline.py                           1           0  0.27s           2026-08-28T01:22:58
================================================================================
[2026-08-28T01:23:55.436+0000] {manager.py:879} INFO - 
================================================================================
DAG File Processing Stats

File Path                                PID    Runtime      # DAGs    # Errors  Last Runtime    Last Run
---------------------------------------  -----  ---------  --------  ----------  --------------  -------------------
/opt/airflow/dags/lakehouse_pipeline.py                           1           0  0.25s           2026-08-28T01:23:29
================================================================================
[2026-08-28T01:24:25.908+0000] {manager.py:879} INFO - 
================================================================================
DAG File Processing Stats

File Path                                PID    Runtime      # DAGs    # Errors  Last Runtime    Last Run
---------------------------------------  -----  ---------  --------  ----------  --------------  -------------------
/opt/airflow/dags/lakehouse_pipeline.py                           1           0  0.33s           2026-08-28T01:23:59
================================================================================
[2026-08-28T01:24:43.312+0000] {manager.py:738} INFO - Searching for files in /opt/airflow/dags
[2026-08-28T01:24:43.391+0000] {manager.py:741} INFO - There are 1 files in /opt/airflow/dags
[2026-08-28T01:24:56.513+0000] {manager.py:879} INFO - 
================================================================================
DAG File Processing Stats

File Path                                PID    Runtime      # DAGs    # Errors  Last Runtime    Last Run
---------------------------------------  -----  ---------  --------  ----------  --------------  -------------------
/opt/airflow/dags/lakehouse_pipeline.py                           1           0  0.31s           2026-08-28T01:24:30
================================================================================
[2026-08-28T01:25:26.946+0000] {manager.py:879} INFO - 
================================================================================
DAG File Processing Stats

File Path                                PID    Runtime      # DAGs    # Errors  Last Runtime    Last Run
---------------------------------------  -----  ---------  --------  ----------  --------------  -------------------
/opt/airflow/dags/lakehouse_pipeline.py                           1           0  0.42s           2026-08-28T01:25:01
================================================================================
[2026-08-28T01:25:57.656+0000] {manager.py:879} INFO - 
================================================================================
DAG File Processing Stats

File Path                                PID    Runtime      # DAGs    # Errors  Last Runtime    Last Run
---------------------------------------  -----  ---------  --------  ----------  --------------  -------------------
/opt/airflow/dags/lakehouse_pipeline.py                           1           0  0.23s           2026-08-28T01:25:31
================================================================================
[2026-08-28T01:26:28.197+0000] {manager.py:879} INFO - 
================================================================================
DAG File Processing Stats

File Path                                PID    Runtime      # DAGs    # Errors  Last Runtime    Last Run
---------------------------------------  -----  ---------  --------  ----------  --------------  -------------------
/opt/airflow/dags/lakehouse_pipeline.py                           1           0  0.34s           2026-08-28T01:26:02
================================================================================
[2026-08-28T01:26:58.602+0000] {manager.py:879} INFO - 
================================================================================
DAG File Processing Stats

File Path                                PID    Runtime      # DAGs    # Errors  Last Runtime    Last Run
---------------------------------------  -----  ---------  --------  ----------  --------------  -------------------
/opt/airflow/dags/lakehouse_pipeline.py                           1           0  0.23s           2026-08-28T01:26:32
================================================================================
[2026-08-28T01:27:28.975+0000] {manager.py:879} INFO - 
================================================================================
DAG File Processing Stats

File Path                                PID    Runtime      # DAGs    # Errors  Last Runtime    Last Run
---------------------------------------  -----  ---------  --------  ----------  --------------  -------------------
/opt/airflow/dags/lakehouse_pipeline.py                           1           0  0.37s           2026-08-28T01:27:03
================================================================================
[2026-08-28T01:27:59.006+0000] {manager.py:879} INFO - 
================================================================================
DAG File Processing Stats

File Path                                PID    Runtime      # DAGs    # Errors  Last Runtime    Last Run
---------------------------------------  -----  ---------  --------  ----------  --------------  -------------------
/opt/airflow/dags/lakehouse_pipeline.py                           1           0  0.32s           2026-08-28T01:27:33
================================================================================
[2026-08-28T01:28:29.802+0000] {manager.py:879} INFO - 
================================================================================
DAG File Processing Stats

File Path                                PID    Runtime      # DAGs    # Errors  Last Runtime    Last Run
---------------------------------------  -----  ---------  --------  ----------  --------------  -------------------
/opt/airflow/dags/lakehouse_pipeline.py                           1           0  1.08s           2026-08-28T01:28:27
================================================================================
[2026-08-28T01:28:59.981+0000] {manager.py:879} INFO - 
================================================================================
DAG File Processing Stats

File Path                                PID    Runtime      # DAGs    # Errors  Last Runtime    Last Run
---------------------------------------  -----  ---------  --------  ----------  --------------  -------------------
/opt/airflow/dags/lakehouse_pipeline.py                           1           0  0.71s           2026-08-28T01:28:58
================================================================================
[2026-08-28T01:29:30.324+0000] {manager.py:879} INFO - 
================================================================================
DAG File Processing Stats

File Path                                PID    Runtime      # DAGs    # Errors  Last Runtime    Last Run
---------------------------------------  -----  ---------  --------  ----------  --------------  -------------------
/opt/airflow/dags/lakehouse_pipeline.py                           1           0  0.25s           2026-08-28T01:29:29
================================================================================
[2026-08-28T01:29:43.444+0000] {manager.py:738} INFO - Searching for files in /opt/airflow/dags
[2026-08-28T01:29:43.469+0000] {manager.py:741} INFO - There are 1 files in /opt/airflow/dags
[2026-08-28T01:30:00.857+0000] {manager.py:879} INFO - 
================================================================================
DAG File Processing Stats

File Path                                PID    Runtime      # DAGs    # Errors  Last Runtime    Last Run
---------------------------------------  -----  ---------  --------  ----------  --------------  -------------------
/opt/airflow/dags/lakehouse_pipeline.py                           1           0  0.24s           2026-08-28T01:29:59
================================================================================
[2026-08-28T01:30:31.233+0000] {manager.py:879} INFO - 
================================================================================
DAG File Processing Stats

File Path                                PID    Runtime      # DAGs    # Errors  Last Runtime    Last Run
---------------------------------------  -----  ---------  --------  ----------  --------------  -------------------
/opt/airflow/dags/lakehouse_pipeline.py                           1           0  0.49s           2026-08-28T01:30:30
================================================================================
[2026-08-28T01:31:01.354+0000] {manager.py:879} INFO - 
================================================================================
DAG File Processing Stats

File Path                                PID    Runtime      # DAGs    # Errors  Last Runtime    Last Run
---------------------------------------  -----  ---------  --------  ----------  --------------  -------------------
/opt/airflow/dags/lakehouse_pipeline.py                           1           0  0.24s           2026-08-28T01:31:01
================================================================================
[2026-08-28T01:31:31.458+0000] {manager.py:879} INFO - 
================================================================================
DAG File Processing Stats

File Path                                  PID  Runtime      # DAGs    # Errors  Last Runtime    Last Run
---------------------------------------  -----  ---------  --------  ----------  --------------  -------------------
/opt/airflow/dags/lakehouse_pipeline.py   1350  0.00s             1           0  0.24s           2026-08-28T01:31:01
================================================================================
[2026-08-28T01:32:02.030+0000] {manager.py:879} INFO - 
================================================================================
DAG File Processing Stats

File Path                                  PID  Runtime      # DAGs    # Errors  Last Runtime    Last Run
---------------------------------------  -----  ---------  --------  ----------  --------------  -------------------
/opt/airflow/dags/lakehouse_pipeline.py   1355  0.01s             1           0  0.25s           2026-08-28T01:31:31
================================================================================
[2026-08-28T01:32:32.380+0000] {manager.py:879} INFO - 
================================================================================
DAG File Processing Stats

File Path                                  PID  Runtime      # DAGs    # Errors  Last Runtime    Last Run
---------------------------------------  -----  ---------  --------  ----------  --------------  -------------------
/opt/airflow/dags/lakehouse_pipeline.py   1360  0.01s             1           0  0.26s           2026-08-28T01:32:02
================================================================================
[2026-08-28T01:33:02.966+0000] {manager.py:879} INFO - 
================================================================================
DAG File Processing Stats

File Path                                  PID  Runtime      # DAGs    # Errors  Last Runtime    Last Run
---------------------------------------  -----  ---------  --------  ----------  --------------  -------------------
/opt/airflow/dags/lakehouse_pipeline.py   1378  0.01s             1           0  0.26s           2026-08-28T01:32:32
================================================================================
[2026-08-28T01:33:33.260+0000] {manager.py:879} INFO - 
================================================================================
DAG File Processing Stats

File Path                                PID    Runtime      # DAGs    # Errors  Last Runtime    Last Run
---------------------------------------  -----  ---------  --------  ----------  --------------  -------------------
/opt/airflow/dags/lakehouse_pipeline.py                           1           0  0.38s           2026-08-28T01:33:03
================================================================================
[2026-08-28T01:34:03.275+0000] {manager.py:879} INFO - 
================================================================================
DAG File Processing Stats

File Path                                PID    Runtime      # DAGs    # Errors  Last Runtime    Last Run
---------------------------------------  -----  ---------  --------  ----------  --------------  -------------------
/opt/airflow/dags/lakehouse_pipeline.py                           1           0  0.32s           2026-08-28T01:33:33
================================================================================
[2026-08-28T01:34:33.590+0000] {manager.py:879} INFO - 
================================================================================
DAG File Processing Stats

File Path                                PID    Runtime      # DAGs    # Errors  Last Runtime    Last Run
---------------------------------------  -----  ---------  --------  ----------  --------------  -------------------
/opt/airflow/dags/lakehouse_pipeline.py                           1           0  0.24s           2026-08-28T01:34:04
================================================================================
[2026-08-28T01:34:43.881+0000] {manager.py:738} INFO - Searching for files in /opt/airflow/dags
[2026-08-28T01:34:43.938+0000] {manager.py:741} INFO - There are 1 files in /opt/airflow/dags
[2026-08-28T01:35:04.161+0000] {manager.py:879} INFO - 
================================================================================
DAG File Processing Stats

File Path                                PID    Runtime      # DAGs    # Errors  Last Runtime    Last Run
---------------------------------------  -----  ---------  --------  ----------  --------------  -------------------
/opt/airflow/dags/lakehouse_pipeline.py                           1           0  0.25s           2026-08-28T01:34:34
================================================================================
[2026-08-28T01:35:34.661+0000] {manager.py:879} INFO - 
================================================================================
DAG File Processing Stats

File Path                                PID    Runtime      # DAGs    # Errors  Last Runtime    Last Run
---------------------------------------  -----  ---------  --------  ----------  --------------  -------------------
/opt/airflow/dags/lakehouse_pipeline.py                           1           0  0.26s           2026-08-28T01:35:05
================================================================================
[2026-08-28T01:36:05.285+0000] {manager.py:879} INFO - 
================================================================================
DAG File Processing Stats

File Path                                PID    Runtime      # DAGs    # Errors  Last Runtime    Last Run
---------------------------------------  -----  ---------  --------  ----------  --------------  -------------------
/opt/airflow/dags/lakehouse_pipeline.py                           1           0  0.99s           2026-08-28T01:35:36
================================================================================
[2026-08-28T01:36:35.396+0000] {manager.py:879} INFO - 
================================================================================
DAG File Processing Stats

File Path                                PID    Runtime      # DAGs    # Errors  Last Runtime    Last Run
---------------------------------------  -----  ---------  --------  ----------  --------------  -------------------
/opt/airflow/dags/lakehouse_pipeline.py                           1           0  1.40s           2026-08-28T01:36:08
================================================================================
[2026-08-28T01:37:06.151+0000] {manager.py:879} INFO - 
================================================================================
DAG File Processing Stats

File Path                                PID    Runtime      # DAGs    # Errors  Last Runtime    Last Run
---------------------------------------  -----  ---------  --------  ----------  --------------  -------------------
/opt/airflow/dags/lakehouse_pipeline.py                           1           0  1.30s           2026-08-28T01:36:40
================================================================================
[2026-08-28T01:37:36.241+0000] {manager.py:879} INFO - 
================================================================================
DAG File Processing Stats

File Path                                PID    Runtime      # DAGs    # Errors  Last Runtime    Last Run
---------------------------------------  -----  ---------  --------  ----------  --------------  -------------------
/opt/airflow/dags/lakehouse_pipeline.py                           1           0  0.70s           2026-08-28T01:37:11
================================================================================
[2026-08-28T01:38:06.713+0000] {manager.py:879} INFO - 
================================================================================
DAG File Processing Stats

File Path                                PID    Runtime      # DAGs    # Errors  Last Runtime    Last Run
---------------------------------------  -----  ---------  --------  ----------  --------------  -------------------
/opt/airflow/dags/lakehouse_pipeline.py                           1           0  0.32s           2026-08-28T01:37:42
================================================================================
[2026-08-28T01:38:37.255+0000] {manager.py:879} INFO - 
================================================================================
DAG File Processing Stats

File Path                                PID    Runtime      # DAGs    # Errors  Last Runtime    Last Run
---------------------------------------  -----  ---------  --------  ----------  --------------  -------------------
/opt/airflow/dags/lakehouse_pipeline.py                           1           0  0.47s           2026-08-28T01:38:13
================================================================================
[2026-08-28T01:39:07.301+0000] {manager.py:879} INFO - 
================================================================================
DAG File Processing Stats

File Path                                PID    Runtime      # DAGs    # Errors  Last Runtime    Last Run
---------------------------------------  -----  ---------  --------  ----------  --------------  -------------------
/opt/airflow/dags/lakehouse_pipeline.py                           1           0  0.63s           2026-08-28T01:38:43
================================================================================
[2026-08-28T01:39:37.782+0000] {manager.py:879} INFO - 
================================================================================
DAG File Processing Stats

File Path                                PID    Runtime      # DAGs    # Errors  Last Runtime    Last Run
---------------------------------------  -----  ---------  --------  ----------  --------------  -------------------
/opt/airflow/dags/lakehouse_pipeline.py                           1           0  0.53s           2026-08-28T01:39:14
================================================================================
[2026-08-28T01:39:44.335+0000] {manager.py:738} INFO - Searching for files in /opt/airflow/dags
[2026-08-28T01:39:44.381+0000] {manager.py:741} INFO - There are 1 files in /opt/airflow/dags
[2026-08-28T01:40:07.846+0000] {manager.py:879} INFO - 
================================================================================
DAG File Processing Stats

File Path                                PID    Runtime      # DAGs    # Errors  Last Runtime    Last Run
---------------------------------------  -----  ---------  --------  ----------  --------------  -------------------
/opt/airflow/dags/lakehouse_pipeline.py                           1           0  0.62s           2026-08-28T01:39:45
================================================================================
[2026-08-28T01:40:38.169+0000] {manager.py:879} INFO - 
================================================================================
DAG File Processing Stats

File Path                                PID    Runtime      # DAGs    # Errors  Last Runtime    Last Run
---------------------------------------  -----  ---------  --------  ----------  --------------  -------------------
/opt/airflow/dags/lakehouse_pipeline.py                           1           0  0.49s           2026-08-28T01:40:16
================================================================================
[2026-08-28T01:41:08.465+0000] {manager.py:879} INFO - 
================================================================================
DAG File Processing Stats

File Path                                PID    Runtime      # DAGs    # Errors  Last Runtime    Last Run
---------------------------------------  -----  ---------  --------  ----------  --------------  -------------------
/opt/airflow/dags/lakehouse_pipeline.py                           1           0  0.56s           2026-08-28T01:40:47
================================================================================
[2026-08-28T01:41:38.778+0000] {manager.py:879} INFO - 
================================================================================
DAG File Processing Stats

File Path                                PID    Runtime      # DAGs    # Errors  Last Runtime    Last Run
---------------------------------------  -----  ---------  --------  ----------  --------------  -------------------
/opt/airflow/dags/lakehouse_pipeline.py                           1           0  0.31s           2026-08-28T01:41:17
================================================================================
[2026-08-28T01:42:08.806+0000] {manager.py:879} INFO - 
================================================================================
DAG File Processing Stats

File Path                                PID    Runtime      # DAGs    # Errors  Last Runtime    Last Run
---------------------------------------  -----  ---------  --------  ----------  --------------  -------------------
/opt/airflow/dags/lakehouse_pipeline.py                           1           0  1.65s           2026-08-28T01:41:49
================================================================================
[2026-08-28T01:42:39.106+0000] {manager.py:879} INFO - 
================================================================================
DAG File Processing Stats

File Path                                PID    Runtime      # DAGs    # Errors  Last Runtime    Last Run
---------------------------------------  -----  ---------  --------  ----------  --------------  -------------------
/opt/airflow/dags/lakehouse_pipeline.py                           1           0  0.40s           2026-08-28T01:42:20
================================================================================
[2026-08-28T01:43:09.251+0000] {manager.py:879} INFO - 
================================================================================
DAG File Processing Stats

File Path                                PID    Runtime      # DAGs    # Errors  Last Runtime    Last Run
---------------------------------------  -----  ---------  --------  ----------  --------------  -------------------
/opt/airflow/dags/lakehouse_pipeline.py                           1           0  0.42s           2026-08-28T01:42:51
================================================================================
[2026-08-28T01:43:39.535+0000] {manager.py:879} INFO - 
================================================================================
DAG File Processing Stats

File Path                                PID    Runtime      # DAGs    # Errors  Last Runtime    Last Run
---------------------------------------  -----  ---------  --------  ----------  --------------  -------------------
/opt/airflow/dags/lakehouse_pipeline.py                           1           0  0.24s           2026-08-28T01:43:21
================================================================================
[2026-08-28T01:44:10.090+0000] {manager.py:879} INFO - 
================================================================================
DAG File Processing Stats

File Path                                PID    Runtime      # DAGs    # Errors  Last Runtime    Last Run
---------------------------------------  -----  ---------  --------  ----------  --------------  -------------------
/opt/airflow/dags/lakehouse_pipeline.py                           1           0  0.28s           2026-08-28T01:43:51
================================================================================
[2026-08-28T01:44:40.229+0000] {manager.py:879} INFO - 
================================================================================
DAG File Processing Stats

File Path                                PID    Runtime      # DAGs    # Errors  Last Runtime    Last Run
---------------------------------------  -----  ---------  --------  ----------  --------------  -------------------
/opt/airflow/dags/lakehouse_pipeline.py                           1           0  0.47s           2026-08-28T01:44:22
================================================================================
[2026-08-28T01:44:45.273+0000] {manager.py:738} INFO - Searching for files in /opt/airflow/dags
[2026-08-28T01:44:45.314+0000] {manager.py:741} INFO - There are 1 files in /opt/airflow/dags
[2026-08-28T01:45:10.738+0000] {manager.py:879} INFO - 
================================================================================
DAG File Processing Stats

File Path                                PID    Runtime      # DAGs    # Errors  Last Runtime    Last Run
---------------------------------------  -----  ---------  --------  ----------  --------------  -------------------
/opt/airflow/dags/lakehouse_pipeline.py                           1           0  0.51s           2026-08-28T01:44:53
================================================================================
[2026-08-28T01:45:41.294+0000] {manager.py:879} INFO - 
================================================================================
DAG File Processing Stats

File Path                                PID    Runtime      # DAGs    # Errors  Last Runtime    Last Run
---------------------------------------  -----  ---------  --------  ----------  --------------  -------------------
/opt/airflow/dags/lakehouse_pipeline.py                           1           0  1.99s           2026-08-28T01:45:22
================================================================================
[2026-08-28T01:46:11.307+0000] {manager.py:879} INFO - 
================================================================================
DAG File Processing Stats

File Path                                PID    Runtime      # DAGs    # Errors  Last Runtime    Last Run
---------------------------------------  -----  ---------  --------  ----------  --------------  -------------------
/opt/airflow/dags/lakehouse_pipeline.py                           1           0  0.67s           2026-08-28T01:45:53
================================================================================
[2026-08-28T01:46:41.628+0000] {manager.py:879} INFO - 
================================================================================
DAG File Processing Stats

File Path                                PID    Runtime      # DAGs    # Errors  Last Runtime    Last Run
---------------------------------------  -----  ---------  --------  ----------  --------------  -------------------
/opt/airflow/dags/lakehouse_pipeline.py                           1           0  0.48s           2026-08-28T01:46:23
================================================================================
[2026-08-28T01:47:12.323+0000] {manager.py:879} INFO - 
================================================================================
DAG File Processing Stats

File Path                                PID    Runtime      # DAGs    # Errors  Last Runtime    Last Run
---------------------------------------  -----  ---------  --------  ----------  --------------  -------------------
/opt/airflow/dags/lakehouse_pipeline.py                           1           0  0.36s           2026-08-28T01:46:54
================================================================================
[2026-08-28T01:47:42.970+0000] {manager.py:879} INFO - 
================================================================================
DAG File Processing Stats

File Path                                PID    Runtime      # DAGs    # Errors  Last Runtime    Last Run
---------------------------------------  -----  ---------  --------  ----------  --------------  -------------------
/opt/airflow/dags/lakehouse_pipeline.py                           1           0  0.32s           2026-08-28T01:47:25
================================================================================
[2026-08-28T01:48:13.629+0000] {manager.py:879} INFO - 
================================================================================
DAG File Processing Stats

File Path                                PID    Runtime      # DAGs    # Errors  Last Runtime    Last Run
---------------------------------------  -----  ---------  --------  ----------  --------------  -------------------
/opt/airflow/dags/lakehouse_pipeline.py                           1           0  0.46s           2026-08-28T01:47:55
================================================================================
[2026-08-28T01:48:44.174+0000] {manager.py:879} INFO - 
================================================================================
DAG File Processing Stats

File Path                                PID    Runtime      # DAGs    # Errors  Last Runtime    Last Run
---------------------------------------  -----  ---------  --------  ----------  --------------  -------------------
/opt/airflow/dags/lakehouse_pipeline.py                           1           0  0.59s           2026-08-28T01:48:26
================================================================================
[2026-08-28T01:49:14.218+0000] {manager.py:879} INFO - 
================================================================================
DAG File Processing Stats

File Path                                PID    Runtime      # DAGs    # Errors  Last Runtime    Last Run
---------------------------------------  -----  ---------  --------  ----------  --------------  -------------------
/opt/airflow/dags/lakehouse_pipeline.py                           1           0  0.27s           2026-08-28T01:48:57
================================================================================
[2026-08-28T01:49:44.297+0000] {manager.py:879} INFO - 
================================================================================
DAG File Processing Stats

File Path                                PID    Runtime      # DAGs    # Errors  Last Runtime    Last Run
---------------------------------------  -----  ---------  --------  ----------  --------------  -------------------
/opt/airflow/dags/lakehouse_pipeline.py                           1           0  0.26s           2026-08-28T01:49:27
================================================================================
[2026-08-28T01:49:45.310+0000] {manager.py:738} INFO - Searching for files in /opt/airflow/dags
[2026-08-28T01:49:45.412+0000] {manager.py:741} INFO - There are 1 files in /opt/airflow/dags
[2026-08-28T01:50:14.887+0000] {manager.py:879} INFO - 
================================================================================
DAG File Processing Stats

File Path                                PID    Runtime      # DAGs    # Errors  Last Runtime    Last Run
---------------------------------------  -----  ---------  --------  ----------  --------------  -------------------
/opt/airflow/dags/lakehouse_pipeline.py                           1           0  0.35s           2026-08-28T01:49:57
================================================================================
[2026-08-28T01:50:45.508+0000] {manager.py:879} INFO - 
================================================================================
DAG File Processing Stats

File Path                                PID    Runtime      # DAGs    # Errors  Last Runtime    Last Run
---------------------------------------  -----  ---------  --------  ----------  --------------  -------------------
/opt/airflow/dags/lakehouse_pipeline.py                           1           0  0.27s           2026-08-28T01:50:28
================================================================================
[2026-08-28T01:51:15.890+0000] {manager.py:879} INFO - 
================================================================================
DAG File Processing Stats

File Path                                PID    Runtime      # DAGs    # Errors  Last Runtime    Last Run
---------------------------------------  -----  ---------  --------  ----------  --------------  -------------------
/opt/airflow/dags/lakehouse_pipeline.py                           1           0  0.28s           2026-08-28T01:50:58
================================================================================
[2026-08-28T01:51:46.554+0000] {manager.py:879} INFO - 
================================================================================
DAG File Processing Stats

File Path                                PID    Runtime      # DAGs    # Errors  Last Runtime    Last Run
---------------------------------------  -----  ---------  --------  ----------  --------------  -------------------
/opt/airflow/dags/lakehouse_pipeline.py                           1           0  0.32s           2026-08-28T01:51:29
================================================================================
[2026-08-28T01:52:16.936+0000] {manager.py:879} INFO - 
================================================================================
DAG File Processing Stats

File Path                                PID    Runtime      # DAGs    # Errors  Last Runtime    Last Run
---------------------------------------  -----  ---------  --------  ----------  --------------  -------------------
/opt/airflow/dags/lakehouse_pipeline.py                           1           0  0.30s           2026-08-28T01:52:00
================================================================================
[2026-08-28T01:52:47.582+0000] {manager.py:879} INFO - 
================================================================================
DAG File Processing Stats

File Path                                PID    Runtime      # DAGs    # Errors  Last Runtime    Last Run
---------------------------------------  -----  ---------  --------  ----------  --------------  -------------------
/opt/airflow/dags/lakehouse_pipeline.py                           1           0  0.26s           2026-08-28T01:52:30
================================================================================
[2026-08-28T01:53:18.037+0000] {manager.py:879} INFO - 
================================================================================
DAG File Processing Stats

File Path                                PID    Runtime      # DAGs    # Errors  Last Runtime    Last Run
---------------------------------------  -----  ---------  --------  ----------  --------------  -------------------
/opt/airflow/dags/lakehouse_pipeline.py                           1           0  0.51s           2026-08-28T01:53:01
================================================================================
[2026-08-28T01:53:48.388+0000] {manager.py:879} INFO - 
================================================================================
DAG File Processing Stats

File Path                                PID    Runtime      # DAGs    # Errors  Last Runtime    Last Run
---------------------------------------  -----  ---------  --------  ----------  --------------  -------------------
/opt/airflow/dags/lakehouse_pipeline.py                           1           0  0.49s           2026-08-28T01:53:32
================================================================================
[2026-08-28T01:54:18.879+0000] {manager.py:879} INFO - 
================================================================================
DAG File Processing Stats

File Path                                PID    Runtime      # DAGs    # Errors  Last Runtime    Last Run
---------------------------------------  -----  ---------  --------  ----------  --------------  -------------------
/opt/airflow/dags/lakehouse_pipeline.py                           1           0  0.34s           2026-08-28T01:54:02
================================================================================
[2026-08-28T01:54:45.345+0000] {manager.py:738} INFO - Searching for files in /opt/airflow/dags
[2026-08-28T01:54:45.422+0000] {manager.py:741} INFO - There are 1 files in /opt/airflow/dags
[2026-08-28T01:54:49.520+0000] {manager.py:879} INFO - 
================================================================================
DAG File Processing Stats

File Path                                PID    Runtime      # DAGs    # Errors  Last Runtime    Last Run
---------------------------------------  -----  ---------  --------  ----------  --------------  -------------------
/opt/airflow/dags/lakehouse_pipeline.py                           1           0  0.48s           2026-08-28T01:54:33
================================================================================
[2026-08-28T01:55:20.058+0000] {manager.py:879} INFO - 
================================================================================
DAG File Processing Stats

File Path                                PID    Runtime      # DAGs    # Errors  Last Runtime    Last Run
---------------------------------------  -----  ---------  --------  ----------  --------------  -------------------
/opt/airflow/dags/lakehouse_pipeline.py                           1           0  0.45s           2026-08-28T01:55:04
================================================================================
[2026-08-28T01:55:50.760+0000] {manager.py:879} INFO - 
================================================================================
DAG File Processing Stats

File Path                                PID    Runtime      # DAGs    # Errors  Last Runtime    Last Run
---------------------------------------  -----  ---------  --------  ----------  --------------  -------------------
/opt/airflow/dags/lakehouse_pipeline.py                           1           0  0.52s           2026-08-28T01:55:34
================================================================================
[2026-08-28T01:56:21.333+0000] {manager.py:879} INFO - 
================================================================================
DAG File Processing Stats

File Path                                PID    Runtime      # DAGs    # Errors  Last Runtime    Last Run
---------------------------------------  -----  ---------  --------  ----------  --------------  -------------------
/opt/airflow/dags/lakehouse_pipeline.py                           1           0  0.25s           2026-08-28T01:56:05
================================================================================
[2026-08-28T01:56:51.650+0000] {manager.py:879} INFO - 
================================================================================
DAG File Processing Stats

File Path                                PID    Runtime      # DAGs    # Errors  Last Runtime    Last Run
---------------------------------------  -----  ---------  --------  ----------  --------------  -------------------
/opt/airflow/dags/lakehouse_pipeline.py                           1           0  0.26s           2026-08-28T01:56:35
================================================================================
[2026-08-28T01:57:21.741+0000] {manager.py:879} INFO - 
================================================================================
DAG File Processing Stats

File Path                                PID    Runtime      # DAGs    # Errors  Last Runtime    Last Run
---------------------------------------  -----  ---------  --------  ----------  --------------  -------------------
/opt/airflow/dags/lakehouse_pipeline.py                           1           0  0.67s           2026-08-28T01:57:06
================================================================================
[2026-08-28T01:57:52.163+0000] {manager.py:879} INFO - 
================================================================================
DAG File Processing Stats

File Path                                PID    Runtime      # DAGs    # Errors  Last Runtime    Last Run
---------------------------------------  -----  ---------  --------  ----------  --------------  -------------------
/opt/airflow/dags/lakehouse_pipeline.py                           1           0  0.30s           2026-08-28T01:57:37
================================================================================
[2026-08-28T01:58:22.793+0000] {manager.py:879} INFO - 
================================================================================
DAG File Processing Stats

File Path                                PID    Runtime      # DAGs    # Errors  Last Runtime    Last Run
---------------------------------------  -----  ---------  --------  ----------  --------------  -------------------
/opt/airflow/dags/lakehouse_pipeline.py                           1           0  0.36s           2026-08-28T01:58:07
================================================================================
[2026-08-28T01:58:53.253+0000] {manager.py:879} INFO - 
================================================================================
DAG File Processing Stats

File Path                                PID    Runtime      # DAGs    # Errors  Last Runtime    Last Run
---------------------------------------  -----  ---------  --------  ----------  --------------  -------------------
/opt/airflow/dags/lakehouse_pipeline.py                           1           0  0.34s           2026-08-28T01:58:38
================================================================================
[2026-08-28T01:59:23.836+0000] {manager.py:879} INFO - 
================================================================================
DAG File Processing Stats

File Path                                PID    Runtime      # DAGs    # Errors  Last Runtime    Last Run
---------------------------------------  -----  ---------  --------  ----------  --------------  -------------------
/opt/airflow/dags/lakehouse_pipeline.py                           1           0  0.39s           2026-08-28T01:59:08
================================================================================
[2026-08-28T01:59:45.478+0000] {manager.py:738} INFO - Searching for files in /opt/airflow/dags
[2026-08-28T01:59:45.542+0000] {manager.py:741} INFO - There are 1 files in /opt/airflow/dags
[2026-08-28T01:59:54.335+0000] {manager.py:879} INFO - 
================================================================================
DAG File Processing Stats

File Path                                PID    Runtime      # DAGs    # Errors  Last Runtime    Last Run
---------------------------------------  -----  ---------  --------  ----------  --------------  -------------------
/opt/airflow/dags/lakehouse_pipeline.py                           1           0  0.30s           2026-08-28T01:59:39
================================================================================
[2026-08-28T02:00:24.698+0000] {manager.py:879} INFO - 
================================================================================
DAG File Processing Stats

File Path                                PID    Runtime      # DAGs    # Errors  Last Runtime    Last Run
---------------------------------------  -----  ---------  --------  ----------  --------------  -------------------
/opt/airflow/dags/lakehouse_pipeline.py                           1           0  0.27s           2026-08-28T02:00:09
================================================================================
[2026-08-28T02:00:54.736+0000] {manager.py:879} INFO - 
================================================================================
DAG File Processing Stats

File Path                                PID    Runtime      # DAGs    # Errors  Last Runtime    Last Run
---------------------------------------  -----  ---------  --------  ----------  --------------  -------------------
/opt/airflow/dags/lakehouse_pipeline.py                           1           0  0.66s           2026-08-28T02:00:40
================================================================================
[2026-08-28T02:01:25.117+0000] {manager.py:879} INFO - 
================================================================================
DAG File Processing Stats

File Path                                PID    Runtime      # DAGs    # Errors  Last Runtime    Last Run
---------------------------------------  -----  ---------  --------  ----------  --------------  -------------------
/opt/airflow/dags/lakehouse_pipeline.py                           1           0  0.35s           2026-08-28T02:01:11
================================================================================
[2026-08-28T02:01:55.784+0000] {manager.py:879} INFO - 
================================================================================
DAG File Processing Stats

File Path                                PID    Runtime      # DAGs    # Errors  Last Runtime    Last Run
---------------------------------------  -----  ---------  --------  ----------  --------------  -------------------
/opt/airflow/dags/lakehouse_pipeline.py                           1           0  0.28s           2026-08-28T02:01:41
================================================================================
[2026-08-28T02:02:26.210+0000] {manager.py:879} INFO - 
================================================================================
DAG File Processing Stats

File Path                                PID    Runtime      # DAGs    # Errors  Last Runtime    Last Run
---------------------------------------  -----  ---------  --------  ----------  --------------  -------------------
/opt/airflow/dags/lakehouse_pipeline.py                           1           0  0.45s           2026-08-28T02:02:12
================================================================================
[2026-08-28T02:02:56.478+0000] {manager.py:879} INFO - 
================================================================================
DAG File Processing Stats

File Path                                PID    Runtime      # DAGs    # Errors  Last Runtime    Last Run
---------------------------------------  -----  ---------  --------  ----------  --------------  -------------------
/opt/airflow/dags/lakehouse_pipeline.py                           1           0  0.48s           2026-08-28T02:02:43
================================================================================
[2026-08-28T02:03:27.362+0000] {manager.py:879} INFO - 
================================================================================
DAG File Processing Stats

File Path                                PID    Runtime      # DAGs    # Errors  Last Runtime    Last Run
---------------------------------------  -----  ---------  --------  ----------  --------------  -------------------
/opt/airflow/dags/lakehouse_pipeline.py                           1           0  0.63s           2026-08-28T02:03:14
================================================================================
[2026-08-28T02:03:57.751+0000] {manager.py:879} INFO - 
================================================================================
DAG File Processing Stats

File Path                                PID    Runtime      # DAGs    # Errors  Last Runtime    Last Run
---------------------------------------  -----  ---------  --------  ----------  --------------  -------------------
/opt/airflow/dags/lakehouse_pipeline.py                           1           0  0.31s           2026-08-28T02:03:44
================================================================================
[2026-08-28T02:04:28.073+0000] {manager.py:879} INFO - 
================================================================================
DAG File Processing Stats

File Path                                PID    Runtime      # DAGs    # Errors  Last Runtime    Last Run
---------------------------------------  -----  ---------  --------  ----------  --------------  -------------------
/opt/airflow/dags/lakehouse_pipeline.py                           1           0  0.32s           2026-08-28T02:04:15
================================================================================
[2026-08-28T02:04:45.611+0000] {manager.py:738} INFO - Searching for files in /opt/airflow/dags
[2026-08-28T02:04:45.637+0000] {manager.py:741} INFO - There are 1 files in /opt/airflow/dags
[2026-08-28T02:04:58.766+0000] {manager.py:879} INFO - 
================================================================================
DAG File Processing Stats

File Path                                PID    Runtime      # DAGs    # Errors  Last Runtime    Last Run
---------------------------------------  -----  ---------  --------  ----------  --------------  -------------------
/opt/airflow/dags/lakehouse_pipeline.py                           1           0  0.34s           2026-08-28T02:04:45
================================================================================
[2026-08-28T02:05:28.807+0000] {manager.py:879} INFO - 
================================================================================
DAG File Processing Stats

File Path                                PID    Runtime      # DAGs    # Errors  Last Runtime    Last Run
---------------------------------------  -----  ---------  --------  ----------  --------------  -------------------
/opt/airflow/dags/lakehouse_pipeline.py                           1           0  0.63s           2026-08-28T02:05:16
================================================================================
[2026-08-28T02:05:59.151+0000] {manager.py:879} INFO - 
================================================================================
DAG File Processing Stats

File Path                                PID    Runtime      # DAGs    # Errors  Last Runtime    Last Run
---------------------------------------  -----  ---------  --------  ----------  --------------  -------------------
/opt/airflow/dags/lakehouse_pipeline.py                           1           0  0.26s           2026-08-28T02:05:47
================================================================================
[2026-08-28T02:06:29.737+0000] {manager.py:879} INFO - 
================================================================================
DAG File Processing Stats

File Path                                PID    Runtime      # DAGs    # Errors  Last Runtime    Last Run
---------------------------------------  -----  ---------  --------  ----------  --------------  -------------------
/opt/airflow/dags/lakehouse_pipeline.py                           1           0  0.27s           2026-08-28T02:06:17
================================================================================
[2026-08-28T02:07:00.150+0000] {manager.py:879} INFO - 
================================================================================
DAG File Processing Stats

File Path                                PID    Runtime      # DAGs    # Errors  Last Runtime    Last Run
---------------------------------------  -----  ---------  --------  ----------  --------------  -------------------
/opt/airflow/dags/lakehouse_pipeline.py                           1           0  0.42s           2026-08-28T02:06:48
================================================================================
[2026-08-28T02:07:30.177+0000] {manager.py:879} INFO - 
================================================================================
DAG File Processing Stats

File Path                                PID    Runtime      # DAGs    # Errors  Last Runtime    Last Run
---------------------------------------  -----  ---------  --------  ----------  --------------  -------------------
/opt/airflow/dags/lakehouse_pipeline.py                           1           0  0.31s           2026-08-28T02:07:19
================================================================================
[2026-08-28T02:08:00.482+0000] {manager.py:879} INFO - 
================================================================================
DAG File Processing Stats

File Path                                PID    Runtime      # DAGs    # Errors  Last Runtime    Last Run
---------------------------------------  -----  ---------  --------  ----------  --------------  -------------------
/opt/airflow/dags/lakehouse_pipeline.py                           1           0  0.42s           2026-08-28T02:07:49
================================================================================
[2026-08-28T02:08:30.524+0000] {manager.py:879} INFO - 
================================================================================
DAG File Processing Stats

File Path                                PID    Runtime      # DAGs    # Errors  Last Runtime    Last Run
---------------------------------------  -----  ---------  --------  ----------  --------------  -------------------
/opt/airflow/dags/lakehouse_pipeline.py                           1           0  0.30s           2026-08-28T02:08:20
================================================================================
[2026-08-28T02:09:00.827+0000] {manager.py:879} INFO - 
================================================================================
DAG File Processing Stats

File Path                                PID    Runtime      # DAGs    # Errors  Last Runtime    Last Run
---------------------------------------  -----  ---------  --------  ----------  --------------  -------------------
/opt/airflow/dags/lakehouse_pipeline.py                           1           0  0.26s           2026-08-28T02:08:50
================================================================================
[2026-08-28T02:09:31.212+0000] {manager.py:879} INFO - 
================================================================================
DAG File Processing Stats

File Path                                PID    Runtime      # DAGs    # Errors  Last Runtime    Last Run
---------------------------------------  -----  ---------  --------  ----------  --------------  -------------------
/opt/airflow/dags/lakehouse_pipeline.py                           1           0  0.30s           2026-08-28T02:09:21
================================================================================
[2026-08-28T02:09:45.649+0000] {manager.py:738} INFO - Searching for files in /opt/airflow/dags
[2026-08-28T02:09:45.730+0000] {manager.py:741} INFO - There are 1 files in /opt/airflow/dags
[2026-08-28T02:10:01.943+0000] {manager.py:879} INFO - 
================================================================================
DAG File Processing Stats

File Path                                PID    Runtime      # DAGs    # Errors  Last Runtime    Last Run
---------------------------------------  -----  ---------  --------  ----------  --------------  -------------------
/opt/airflow/dags/lakehouse_pipeline.py                           1           0  0.33s           2026-08-28T02:09:51
================================================================================
[2026-08-28T02:10:32.279+0000] {manager.py:879} INFO - 
================================================================================
DAG File Processing Stats

File Path                                PID    Runtime      # DAGs    # Errors  Last Runtime    Last Run
---------------------------------------  -----  ---------  --------  ----------  --------------  -------------------
/opt/airflow/dags/lakehouse_pipeline.py                           1           0  0.87s           2026-08-28T02:10:23
================================================================================
[2026-08-28T02:11:02.756+0000] {manager.py:879} INFO - 
================================================================================
DAG File Processing Stats

File Path                                PID    Runtime      # DAGs    # Errors  Last Runtime    Last Run
---------------------------------------  -----  ---------  --------  ----------  --------------  -------------------
/opt/airflow/dags/lakehouse_pipeline.py                           1           0  0.33s           2026-08-28T02:10:53
================================================================================
[2026-08-28T02:11:33.094+0000] {manager.py:879} INFO - 
================================================================================
DAG File Processing Stats

File Path                                PID    Runtime      # DAGs    # Errors  Last Runtime    Last Run
---------------------------------------  -----  ---------  --------  ----------  --------------  -------------------
/opt/airflow/dags/lakehouse_pipeline.py                           1           0  0.28s           2026-08-28T02:11:24
================================================================================
[2026-08-28T02:12:03.712+0000] {manager.py:879} INFO - 
================================================================================
DAG File Processing Stats

File Path                                PID    Runtime      # DAGs    # Errors  Last Runtime    Last Run
---------------------------------------  -----  ---------  --------  ----------  --------------  -------------------
/opt/airflow/dags/lakehouse_pipeline.py                           1           0  0.28s           2026-08-28T02:11:54
================================================================================
[2026-08-28T02:12:34.109+0000] {manager.py:879} INFO - 
================================================================================
DAG File Processing Stats

File Path                                PID    Runtime      # DAGs    # Errors  Last Runtime    Last Run
---------------------------------------  -----  ---------  --------  ----------  --------------  -------------------
/opt/airflow/dags/lakehouse_pipeline.py                           1           0  0.39s           2026-08-28T02:12:25
================================================================================
[2026-08-28T02:13:04.182+0000] {manager.py:879} INFO - 
================================================================================
DAG File Processing Stats

File Path                                PID    Runtime      # DAGs    # Errors  Last Runtime    Last Run
---------------------------------------  -----  ---------  --------  ----------  --------------  -------------------
/opt/airflow/dags/lakehouse_pipeline.py                           1           0  0.30s           2026-08-28T02:12:56
================================================================================
[2026-08-28T02:13:34.449+0000] {manager.py:879} INFO - 
================================================================================
DAG File Processing Stats

File Path                                PID    Runtime      # DAGs    # Errors  Last Runtime    Last Run
---------------------------------------  -----  ---------  --------  ----------  --------------  -------------------
/opt/airflow/dags/lakehouse_pipeline.py                           1           0  0.30s           2026-08-28T02:13:26
================================================================================
[2026-08-28T02:14:05.039+0000] {manager.py:879} INFO - 
================================================================================
DAG File Processing Stats

File Path                                PID    Runtime      # DAGs    # Errors  Last Runtime    Last Run
---------------------------------------  -----  ---------  --------  ----------  --------------  -------------------
/opt/airflow/dags/lakehouse_pipeline.py                           1           0  0.25s           2026-08-28T02:13:57
================================================================================
[2026-08-28T02:14:35.357+0000] {manager.py:879} INFO - 
================================================================================
DAG File Processing Stats

File Path                                PID    Runtime      # DAGs    # Errors  Last Runtime    Last Run
---------------------------------------  -----  ---------  --------  ----------  --------------  -------------------
/opt/airflow/dags/lakehouse_pipeline.py                           1           0  0.24s           2026-08-28T02:14:27
================================================================================
[2026-08-28T02:14:45.681+0000] {manager.py:738} INFO - Searching for files in /opt/airflow/dags
[2026-08-28T02:14:45.778+0000] {manager.py:741} INFO - There are 1 files in /opt/airflow/dags
[2026-08-28T02:15:05.741+0000] {manager.py:879} INFO - 
================================================================================
DAG File Processing Stats

File Path                                PID    Runtime      # DAGs    # Errors  Last Runtime    Last Run
---------------------------------------  -----  ---------  --------  ----------  --------------  -------------------
/opt/airflow/dags/lakehouse_pipeline.py                           1           0  0.24s           2026-08-28T02:14:57
================================================================================
[2026-08-28T02:15:36.260+0000] {manager.py:879} INFO - 
================================================================================
DAG File Processing Stats

File Path                                PID    Runtime      # DAGs    # Errors  Last Runtime    Last Run
---------------------------------------  -----  ---------  --------  ----------  --------------  -------------------
/opt/airflow/dags/lakehouse_pipeline.py                           1           0  0.28s           2026-08-28T02:15:28
================================================================================
[2026-08-28T02:16:06.604+0000] {manager.py:879} INFO - 
================================================================================
DAG File Processing Stats

File Path                                PID    Runtime      # DAGs    # Errors  Last Runtime    Last Run
---------------------------------------  -----  ---------  --------  ----------  --------------  -------------------
/opt/airflow/dags/lakehouse_pipeline.py                           1           0  0.45s           2026-08-28T02:15:58
================================================================================
[2026-08-28T02:16:36.704+0000] {manager.py:879} INFO - 
================================================================================
DAG File Processing Stats

File Path                                PID    Runtime      # DAGs    # Errors  Last Runtime    Last Run
---------------------------------------  -----  ---------  --------  ----------  --------------  -------------------
/opt/airflow/dags/lakehouse_pipeline.py                           1           0  0.39s           2026-08-28T02:16:29
================================================================================
[2026-08-28T02:17:07.012+0000] {manager.py:879} INFO - 
================================================================================
DAG File Processing Stats

File Path                                PID    Runtime      # DAGs    # Errors  Last Runtime    Last Run
---------------------------------------  -----  ---------  --------  ----------  --------------  -------------------
/opt/airflow/dags/lakehouse_pipeline.py                           1           0  0.51s           2026-08-28T02:17:00
================================================================================
[2026-08-28T02:17:37.043+0000] {manager.py:879} INFO - 
================================================================================
DAG File Processing Stats

File Path                                PID    Runtime      # DAGs    # Errors  Last Runtime    Last Run
---------------------------------------  -----  ---------  --------  ----------  --------------  -------------------
/opt/airflow/dags/lakehouse_pipeline.py                           1           0  0.33s           2026-08-28T02:17:31
================================================================================
[2026-08-28T02:18:07.597+0000] {manager.py:879} INFO - 
================================================================================
DAG File Processing Stats

File Path                                PID    Runtime      # DAGs    # Errors  Last Runtime    Last Run
---------------------------------------  -----  ---------  --------  ----------  --------------  -------------------
/opt/airflow/dags/lakehouse_pipeline.py                           1           0  0.26s           2026-08-28T02:18:01
================================================================================
[2026-08-28T02:18:38.012+0000] {manager.py:879} INFO - 
================================================================================
DAG File Processing Stats

File Path                                PID    Runtime      # DAGs    # Errors  Last Runtime    Last Run
---------------------------------------  -----  ---------  --------  ----------  --------------  -------------------
/opt/airflow/dags/lakehouse_pipeline.py                           1           0  0.32s           2026-08-28T02:18:32
================================================================================
[2026-08-28T02:19:08.336+0000] {manager.py:879} INFO - 
================================================================================
DAG File Processing Stats

File Path                                PID    Runtime      # DAGs    # Errors  Last Runtime    Last Run
---------------------------------------  -----  ---------  --------  ----------  --------------  -------------------
/opt/airflow/dags/lakehouse_pipeline.py                           1           0  0.27s           2026-08-28T02:19:02
================================================================================
[2026-08-28T02:19:38.928+0000] {manager.py:879} INFO - 
================================================================================
DAG File Processing Stats

File Path                                PID    Runtime      # DAGs    # Errors  Last Runtime    Last Run
---------------------------------------  -----  ---------  --------  ----------  --------------  -------------------
/opt/airflow/dags/lakehouse_pipeline.py                           1           0  0.39s           2026-08-28T02:19:33
================================================================================
[2026-08-28T02:19:45.985+0000] {manager.py:738} INFO - Searching for files in /opt/airflow/dags
[2026-08-28T02:19:46.064+0000] {manager.py:741} INFO - There are 1 files in /opt/airflow/dags
[2026-08-28T02:20:09.432+0000] {manager.py:879} INFO - 
================================================================================
DAG File Processing Stats

File Path                                PID    Runtime      # DAGs    # Errors  Last Runtime    Last Run
---------------------------------------  -----  ---------  --------  ----------  --------------  -------------------
/opt/airflow/dags/lakehouse_pipeline.py                           1           0  0.39s           2026-08-28T02:20:03
================================================================================
[2026-08-28T02:20:39.588+0000] {manager.py:879} INFO - 
================================================================================
DAG File Processing Stats

File Path                                PID    Runtime      # DAGs    # Errors  Last Runtime    Last Run
---------------------------------------  -----  ---------  --------  ----------  --------------  -------------------
/opt/airflow/dags/lakehouse_pipeline.py                           1           0  0.54s           2026-08-28T02:20:34
================================================================================
[2026-08-28T02:21:09.899+0000] {manager.py:879} INFO - 
================================================================================
DAG File Processing Stats

File Path                                PID    Runtime      # DAGs    # Errors  Last Runtime    Last Run
---------------------------------------  -----  ---------  --------  ----------  --------------  -------------------
/opt/airflow/dags/lakehouse_pipeline.py                           1           0  0.25s           2026-08-28T02:21:05
================================================================================
[2026-08-28T02:21:40.438+0000] {manager.py:879} INFO - 
================================================================================
DAG File Processing Stats

File Path                                PID    Runtime      # DAGs    # Errors  Last Runtime    Last Run
---------------------------------------  -----  ---------  --------  ----------  --------------  -------------------
/opt/airflow/dags/lakehouse_pipeline.py                           1           0  0.40s           2026-08-28T02:21:35
================================================================================
[2026-08-28T02:22:10.886+0000] {manager.py:879} INFO - 
================================================================================
DAG File Processing Stats

File Path                                PID    Runtime      # DAGs    # Errors  Last Runtime    Last Run
---------------------------------------  -----  ---------  --------  ----------  --------------  -------------------
/opt/airflow/dags/lakehouse_pipeline.py                           1           0  0.36s           2026-08-28T02:22:06
================================================================================
[2026-08-28T02:22:41.454+0000] {manager.py:879} INFO - 
================================================================================
DAG File Processing Stats

File Path                                PID    Runtime      # DAGs    # Errors  Last Runtime    Last Run
---------------------------------------  -----  ---------  --------  ----------  --------------  -------------------
/opt/airflow/dags/lakehouse_pipeline.py                           1           0  0.33s           2026-08-28T02:22:36
================================================================================
[2026-08-28T02:23:11.822+0000] {manager.py:879} INFO - 
================================================================================
DAG File Processing Stats

File Path                                PID    Runtime      # DAGs    # Errors  Last Runtime    Last Run
---------------------------------------  -----  ---------  --------  ----------  --------------  -------------------
/opt/airflow/dags/lakehouse_pipeline.py                           1           0  0.29s           2026-08-28T02:23:06
================================================================================
[2026-08-28T02:23:42.390+0000] {manager.py:879} INFO - 
================================================================================
DAG File Processing Stats

File Path                                PID    Runtime      # DAGs    # Errors  Last Runtime    Last Run
---------------------------------------  -----  ---------  --------  ----------  --------------  -------------------
/opt/airflow/dags/lakehouse_pipeline.py                           1           0  0.24s           2026-08-28T02:23:37
================================================================================
[2026-08-28T02:24:12.758+0000] {manager.py:879} INFO - 
================================================================================
DAG File Processing Stats

File Path                                PID    Runtime      # DAGs    # Errors  Last Runtime    Last Run
---------------------------------------  -----  ---------  --------  ----------  --------------  -------------------
/opt/airflow/dags/lakehouse_pipeline.py                           1           0  0.24s           2026-08-28T02:24:07
================================================================================
[2026-08-28T02:24:43.283+0000] {manager.py:879} INFO - 
================================================================================
DAG File Processing Stats

File Path                                PID    Runtime      # DAGs    # Errors  Last Runtime    Last Run
---------------------------------------  -----  ---------  --------  ----------  --------------  -------------------
/opt/airflow/dags/lakehouse_pipeline.py                           1           0  0.31s           2026-08-28T02:24:38
================================================================================
[2026-08-28T02:24:46.319+0000] {manager.py:738} INFO - Searching for files in /opt/airflow/dags
[2026-08-28T02:24:46.413+0000] {manager.py:741} INFO - There are 1 files in /opt/airflow/dags
[2026-08-28T02:25:13.713+0000] {manager.py:879} INFO - 
================================================================================
DAG File Processing Stats

File Path                                PID    Runtime      # DAGs    # Errors  Last Runtime    Last Run
---------------------------------------  -----  ---------  --------  ----------  --------------  -------------------
/opt/airflow/dags/lakehouse_pipeline.py                           1           0  0.22s           2026-08-28T02:25:08
================================================================================
[2026-08-28T02:25:44.269+0000] {manager.py:879} INFO - 
================================================================================
DAG File Processing Stats

File Path                                PID    Runtime      # DAGs    # Errors  Last Runtime    Last Run
---------------------------------------  -----  ---------  --------  ----------  --------------  -------------------
/opt/airflow/dags/lakehouse_pipeline.py                           1           0  0.24s           2026-08-28T02:25:39
================================================================================
[2026-08-28T02:26:14.691+0000] {manager.py:879} INFO - 
================================================================================
DAG File Processing Stats

File Path                                PID    Runtime      # DAGs    # Errors  Last Runtime    Last Run
---------------------------------------  -----  ---------  --------  ----------  --------------  -------------------
/opt/airflow/dags/lakehouse_pipeline.py                           1           0  0.26s           2026-08-28T02:26:09
================================================================================
[2026-08-28T02:26:45.307+0000] {manager.py:879} INFO - 
================================================================================
DAG File Processing Stats

File Path                                PID    Runtime      # DAGs    # Errors  Last Runtime    Last Run
---------------------------------------  -----  ---------  --------  ----------  --------------  -------------------
/opt/airflow/dags/lakehouse_pipeline.py                           1           0  0.54s           2026-08-28T02:26:40
================================================================================
[2026-08-28T02:27:15.364+0000] {manager.py:879} INFO - 
================================================================================
DAG File Processing Stats

File Path                                PID    Runtime      # DAGs    # Errors  Last Runtime    Last Run
---------------------------------------  -----  ---------  --------  ----------  --------------  -------------------
/opt/airflow/dags/lakehouse_pipeline.py                           1           0  0.25s           2026-08-28T02:27:11
================================================================================
[2026-08-28T02:27:45.934+0000] {manager.py:879} INFO - 
================================================================================
DAG File Processing Stats

File Path                                PID    Runtime      # DAGs    # Errors  Last Runtime    Last Run
---------------------------------------  -----  ---------  --------  ----------  --------------  -------------------
/opt/airflow/dags/lakehouse_pipeline.py                           1           0  0.54s           2026-08-28T02:27:41
================================================================================
[2026-08-28T02:28:16.505+0000] {manager.py:879} INFO - 
================================================================================
DAG File Processing Stats

File Path                                PID    Runtime      # DAGs    # Errors  Last Runtime    Last Run
---------------------------------------  -----  ---------  --------  ----------  --------------  -------------------
/opt/airflow/dags/lakehouse_pipeline.py                           1           0  0.23s           2026-08-28T02:28:12
================================================================================
[2026-08-28T02:28:47.040+0000] {manager.py:879} INFO - 
================================================================================
DAG File Processing Stats

File Path                                PID    Runtime      # DAGs    # Errors  Last Runtime    Last Run
---------------------------------------  -----  ---------  --------  ----------  --------------  -------------------
/opt/airflow/dags/lakehouse_pipeline.py                           1           0  0.41s           2026-08-28T02:28:43
================================================================================
[2026-08-28T02:29:17.651+0000] {manager.py:879} INFO - 
================================================================================
DAG File Processing Stats

File Path                                PID    Runtime      # DAGs    # Errors  Last Runtime    Last Run
---------------------------------------  -----  ---------  --------  ----------  --------------  -------------------
/opt/airflow/dags/lakehouse_pipeline.py                           1           0  0.56s           2026-08-28T02:29:13
================================================================================
[2026-08-28T02:29:47.006+0000] {manager.py:738} INFO - Searching for files in /opt/airflow/dags
[2026-08-28T02:29:47.031+0000] {manager.py:741} INFO - There are 1 files in /opt/airflow/dags
[2026-08-28T02:29:48.051+0000] {manager.py:879} INFO - 
================================================================================
DAG File Processing Stats

File Path                                PID    Runtime      # DAGs    # Errors  Last Runtime    Last Run
---------------------------------------  -----  ---------  --------  ----------  --------------  -------------------
/opt/airflow/dags/lakehouse_pipeline.py                           1           0  0.24s           2026-08-28T02:29:44
================================================================================
[2026-08-28T02:30:18.658+0000] {manager.py:879} INFO - 
================================================================================
DAG File Processing Stats

File Path                                PID    Runtime      # DAGs    # Errors  Last Runtime    Last Run
---------------------------------------  -----  ---------  --------  ----------  --------------  -------------------
/opt/airflow/dags/lakehouse_pipeline.py                           1           0  0.27s           2026-08-28T02:30:14
================================================================================
[2026-08-28T02:30:49.057+0000] {manager.py:879} INFO - 
================================================================================
DAG File Processing Stats

File Path                                PID    Runtime      # DAGs    # Errors  Last Runtime    Last Run
---------------------------------------  -----  ---------  --------  ----------  --------------  -------------------
/opt/airflow/dags/lakehouse_pipeline.py                           1           0  0.33s           2026-08-28T02:30:45
================================================================================
[2026-08-28T02:31:19.637+0000] {manager.py:879} INFO - 
================================================================================
DAG File Processing Stats

File Path                                PID    Runtime      # DAGs    # Errors  Last Runtime    Last Run
---------------------------------------  -----  ---------  --------  ----------  --------------  -------------------
/opt/airflow/dags/lakehouse_pipeline.py                           1           0  0.41s           2026-08-28T02:31:15
================================================================================
[2026-08-28T02:31:50.084+0000] {manager.py:879} INFO - 
================================================================================
DAG File Processing Stats

File Path                                PID    Runtime      # DAGs    # Errors  Last Runtime    Last Run
---------------------------------------  -----  ---------  --------  ----------  --------------  -------------------
/opt/airflow/dags/lakehouse_pipeline.py                           1           0  0.27s           2026-08-28T02:31:46
================================================================================
[2026-08-28T02:32:20.575+0000] {manager.py:879} INFO - 
================================================================================
DAG File Processing Stats

File Path                                PID    Runtime      # DAGs    # Errors  Last Runtime    Last Run
---------------------------------------  -----  ---------  --------  ----------  --------------  -------------------
/opt/airflow/dags/lakehouse_pipeline.py                           1           0  0.25s           2026-08-28T02:32:16
================================================================================
[2026-08-28T02:32:51.128+0000] {manager.py:879} INFO - 
================================================================================
DAG File Processing Stats

File Path                                PID    Runtime      # DAGs    # Errors  Last Runtime    Last Run
---------------------------------------  -----  ---------  --------  ----------  --------------  -------------------
/opt/airflow/dags/lakehouse_pipeline.py                           1           0  0.36s           2026-08-28T02:32:47
================================================================================
[2026-08-28T02:33:21.630+0000] {manager.py:879} INFO - 
================================================================================
DAG File Processing Stats

File Path                                PID    Runtime      # DAGs    # Errors  Last Runtime    Last Run
---------------------------------------  -----  ---------  --------  ----------  --------------  -------------------
/opt/airflow/dags/lakehouse_pipeline.py                           1           0  0.25s           2026-08-28T02:33:17
================================================================================
[2026-08-28T02:33:52.112+0000] {manager.py:879} INFO - 
================================================================================
DAG File Processing Stats

File Path                                PID    Runtime      # DAGs    # Errors  Last Runtime    Last Run
---------------------------------------  -----  ---------  --------  ----------  --------------  -------------------
/opt/airflow/dags/lakehouse_pipeline.py                           1           0  0.51s           2026-08-28T02:33:48
================================================================================
[2026-08-28T02:34:22.156+0000] {manager.py:879} INFO - 
================================================================================
DAG File Processing Stats

File Path                                PID    Runtime      # DAGs    # Errors  Last Runtime    Last Run
---------------------------------------  -----  ---------  --------  ----------  --------------  -------------------
/opt/airflow/dags/lakehouse_pipeline.py                           1           0  0.25s           2026-08-28T02:34:19
================================================================================
[2026-08-28T02:34:47.208+0000] {manager.py:738} INFO - Searching for files in /opt/airflow/dags
[2026-08-28T02:34:47.266+0000] {manager.py:741} INFO - There are 1 files in /opt/airflow/dags
[2026-08-28T02:34:52.515+0000] {manager.py:879} INFO - 
================================================================================
DAG File Processing Stats

File Path                                PID    Runtime      # DAGs    # Errors  Last Runtime    Last Run
---------------------------------------  -----  ---------  --------  ----------  --------------  -------------------
/opt/airflow/dags/lakehouse_pipeline.py                           1           0  0.75s           2026-08-28T02:34:50
================================================================================
[2026-08-28T02:35:22.756+0000] {manager.py:879} INFO - 
================================================================================
DAG File Processing Stats

File Path                                PID    Runtime      # DAGs    # Errors  Last Runtime    Last Run
---------------------------------------  -----  ---------  --------  ----------  --------------  -------------------
/opt/airflow/dags/lakehouse_pipeline.py                           1           0  0.24s           2026-08-28T02:35:20
================================================================================
[2026-08-28T02:35:53.098+0000] {manager.py:879} INFO - 
================================================================================
DAG File Processing Stats

File Path                                PID    Runtime      # DAGs    # Errors  Last Runtime    Last Run
---------------------------------------  -----  ---------  --------  ----------  --------------  -------------------
/opt/airflow/dags/lakehouse_pipeline.py                           1           0  0.32s           2026-08-28T02:35:51
================================================================================
